IE_XML_ID;IE_NAME;IE_ID;IE_ACTIVE;IE_ACTIVE_FROM;IE_ACTIVE_TO;IE_PREVIEW_PICTURE;IE_PREVIEW_TEXT;IE_PREVIEW_TEXT_TYPE;IE_DETAIL_PICTURE;IE_DETAIL_TEXT;IE_DETAIL_TEXT_TYPE;IE_CODE;IE_SORT;IE_TAGS;IP_PROP24;IP_PROP14;IP_PROP18;IP_PROP19;IP_PROP15;IP_PROP16;IP_PROP35;IP_PROP17;IP_PROP28;IP_PROP25;IP_PROP29;IP_PROP23;IP_PROP32;IP_PROP31;IP_PROP30;IP_PROP45;IP_PROP46;IP_PROP33;IP_PROP34;IC_GROUP0;IC_GROUP1;IC_GROUP2
249;Классическое обручальное кольцо из золота;1797;Y;;;/upload/iblock/8b7/8b728c8a76b5f0470232211d9092fae6.jpg;;text;/upload/iblock/7fd/7fd0081a1ade64cd9827b6430f82a538.jpg;;text;klassicheskoe_obruchalnoe_koltso;500;;110130;;;;Кольца;Красное золото;3.3000;585;;;;/upload/iblock/77f/77f2101d0f3128a8c64f974efb057dd2.jpg;;;;;;1.0000;5.0000;Ювелирные изделия;Кольца;Обручальные
254;Обручальное кольцо из золота с бриллиантами;1798;Y;;;/upload/iblock/046/046cb29a74ca1cc5e9d43f879a6f7688.jpg;;text;/upload/iblock/3a4/3a469eec127543b62c1cb7d4a3d88825.jpg;;text;obruchalnoe_koltso_iz_zolota_s_brilliantami;500;;1239245;;;;Кольца;Красное золото;3.2000;585;;;;;;;;;;1.0000;4.0000;Ювелирные изделия;Кольца;Обручальные
984;Обручальное кольцо из красного золота с бриллиантом;1799;Y;;;/upload/iblock/64e/64ee98e3d8d5cd2298f79e899c02fc01.jpg;;text;/upload/iblock/41e/41e572f1bdba11f08efc7c48ce9f368a.jpg;;text;obruchalnoe_koltso_iz_krasnogo_zolota_s_brilliantom;500;;45698;;да;;Кольца;Красное золото;;585;;;;;;;;;;;;Ювелирные изделия;Кольца;Обручальные
1057;Обручальное кольцо из желтого золота с бриллиантами;1800;Y;;;/upload/iblock/0f5/0f5a16cf8f0785cb6f98306adc2e5143.jpg;;text;/upload/iblock/7ae/7ae43c7abd81e2e28eeea152637107aa.jpg;;text;obruchalnoe_koltso_iz_zheltogo_zolota_s_brilliantami;500;;640001;;;;Кольца;Желтое золото;;585;;;;;;;;;;;;Ювелирные изделия;Кольца;Обручальные
1076;Обручальное кольцо из белого золота с бриллиантами;1801;Y;;;/upload/iblock/9e0/9e04b8a2e6d538bbea7609dbd026550c.jpg;;text;/upload/iblock/73e/73e844040d42503cd30db741820023d8.jpg;;text;obruchalnoe_koltso_iz_belogo_zolota_585_proby_s_brilliantami;500;;300001;;;;Кольца;Белое золото;3.3000;585;;;;;;;;;;1.0000;5.0000;Ювелирные изделия;Кольца;Обручальные
1079;Позолоченное кольцо на 2 пальца;1802;Y;;;/upload/iblock/a2f/a2f88636828f1ca56c9b93bf63b8400f.jpg;;text;/upload/iblock/d67/d674cb3aa1a61588cfd01b531af9faa0.jpg;;text;pozolochennoe_koltso_na_2_paltsa;500;;93010346;;;;Кольца;Золоченое серебро;;925;;;;;;;;;;;;Ювелирные изделия;Кольца;На 2 пальца
1082;Кольцо на два пальца в форме змеи из серебра;1803;Y;;;/upload/iblock/826/826112885e6f642b12fd4bf60d6e8a61.jpg;;text;/upload/iblock/6c3/6c33f63a8bfd819f016c0da6ac23728f.jpg;;text;koltso_na_dva_paltsa_v_forme_zmei_iz_serebra;500;;94011190;;;;Кольца;Серебро;;925;;;;;;;;;;;;Ювелирные изделия;Кольца;На 2 пальца
1085;Кольцо из белого и желтого золота с бриллиантами и кварцевыми вставками;1804;Y;;;/upload/iblock/bae/bae9fcf59dead520624a60ef3e8a5835.jpg;;text;/upload/iblock/53a/53a634ef4261770d0ee9c5956e6b9f7f.jpg;;text;koltso_iz_belogo_i_zheltogo_zolota_s_brilliantami_i_kvartsevymi_vstavkami;500;;467812;;;;Кольца;Желтое золото;;585;;;;;;;;;;;;Ювелирные изделия;Кольца;На 2 пальца
1085;Кольцо из белого и желтого золота с бриллиантами и кварцевыми вставками;1804;Y;;;/upload/iblock/bae/bae9fcf59dead520624a60ef3e8a5835.jpg;;text;/upload/iblock/53a/53a634ef4261770d0ee9c5956e6b9f7f.jpg;;text;koltso_iz_belogo_i_zheltogo_zolota_s_brilliantami_i_kvartsevymi_vstavkami;500;;467812;;;;Кольца;Белое золото;;585;;;;;;;;;;;;Ювелирные изделия;Кольца;На 2 пальца
1090;Кольцо на два пальца из золочёного серебра;1805;Y;;;/upload/iblock/093/093397b5575fd50278fd7cf9d8e2b46b.jpg;;text;/upload/iblock/96e/96e2a9119a59a4592fcbd1f16f61d768.jpg;;text;koltso_na_dva_paltsa_iz_zolochyenogo_serebra;500;;93010332;;;;Кольца;Золоченое серебро;3.2000;925;;;;;;;;;;1.0000;4.0000;Ювелирные изделия;Кольца;На 2 пальца
1154;Кольцо сердце на 2 пальца из красного золота;1806;Y;;;/upload/iblock/338/338c436261e91f52badb731d25e63656.jpg;;text;/upload/iblock/253/25315a923ff24474cb01d8506a511d58.jpg;;text;koltso_serdtse_na_2_paltsa_iz_krasnogo_zolota;500;;7327954;;да;;Кольца;Красное золото;;585;;;;;;;;;;;;Ювелирные изделия;Кольца;На 2 пальца
1155;Анклет из желтого золота с фианитами;1807;Y;;;/upload/iblock/4e7/4e77e85543c6b4e246f083a933abdfc7.jpg;;text;/upload/iblock/b79/b798013045a1cda6f5481ae9ad216eb0.jpg;;text;anklet_iz_zheltogo_zolota_s_fianitami;500;;000001;;;;Браслеты;Желтое золото;;585;;;;;;;;;;;;Ювелирные изделия;Браслеты;Анклеты
1162;Кольцо на две фаланги из красного золота с бриллиантами;1808;Y;;;/upload/iblock/b59/b5957490363f2b5a89426dbdc5475d9a.jpg;;text;/upload/iblock/b77/b77f54c349e9a6c61cc6c0c4a9331f5a.jpg;;text;koltso_na_dve_falangi_iz_krasnogo_zolota_s_brilliantami;500;;1011293;;;;Кольца;Красное золото;;585;;;;;;;;;;;;Ювелирные изделия;Кольца;На 2 фаланги
1163;Анклет из белого золота с бриллиантами;1809;Y;;;/upload/iblock/c06/c06e1e8d4c73053b81040bf39904aa9b.jpg;;text;/upload/iblock/19f/19fa3739eb6aa0246fe6337bdb62e24b.jpg;;text;anklet_iz_belogo_zolota_s_brilliantami;500;;000002;;;;Браслеты;Белое золото;;585;;;;;;;;;;;;Ювелирные изделия;Браслеты;Анклеты
1164;Анклет из серебра;1810;Y;;;/upload/iblock/59c/59cbac0ed1c293c78fc3fae7b3667781.jpg;;text;/upload/iblock/b43/b4366f8c0011f3810a2a5c30090d05b4.jpg;;text;anklet_iz_serebra;500;;000003;;;;Браслеты;Серебро;;925;;;;;;;;;;;;Ювелирные изделия;Браслеты;Анклеты
1165;Анклет из белого золота;1811;Y;;;/upload/iblock/625/625973d9acd6b249e1475269f720fac8.jpg;;text;/upload/iblock/e01/e015017ca84a149a11a2a54e6c75f2df.jpg;;text;anklet_iz_belogo_zolota;500;;000004;;;;;;;;;;;;;;;;;;;Ювелирные изделия;Браслеты;Анклеты
1166;Анклет из желтого золота;1812;Y;;;/upload/iblock/711/7119632b361e60b2188bc3bdaab580c0.jpg;;text;/upload/iblock/601/601f2c5e3fa83e1f1a7851ad78a617cf.jpg;;text;anklet_iz_zheltogo_zolota;500;;000005;;;;Браслеты;Желтое золото;;585;;;;;;;;;;;;Ювелирные изделия;Браслеты;Анклеты
1206;Браслет-цепь из желтого золота;1813;Y;;;/upload/iblock/d82/d826b9a52cb29d97b93c01ffa8d850f8.jpg;;text;/upload/iblock/817/81760d1b15ec40c89e1af501e86a8fd9.jpg;;text;braslet_tsep_iz_zheltogo_zolota;500;;000006;;;;;;;;;;;;;;;;;;;Ювелирные изделия;Браслеты;Браслеты-цепи
1223;Кольцо из золоченого серебра на две фаланги с фианитом ;1814;Y;;;/upload/iblock/2d6/2d6591a8ddd5181747bbae385bd96a78.jpg;;text;/upload/iblock/71b/71b286c06b1b18dc0e19e115c52ba1e4.jpg;;text;koltso_iz_zolochenogo_serebra_na_dve_falangi_s_fianitom_;500;;93010412;;;;Кольца;Золоченое серебро;;925;;;;;;;;;;;;Ювелирные изделия;Кольца;На 2 фаланги
1224;Браслет-цепь из серебра;1815;Y;;;/upload/iblock/88d/88d164d9fe447d76fce05b5e26196940.jpg;;text;/upload/iblock/326/326f010e443d13f1a9db7f13c45d4181.jpg;;text;braslet_tsep_iz_serebra;500;;000008;;;;Браслеты;Серебро;;925;;;;;;;;;;;;Ювелирные изделия;Браслеты;Браслеты-цепи
1246;Кольцо на две фаланги из белого золота с бриллиантами;1816;Y;;;/upload/iblock/4ea/4ea67daf51ca14d1e595ec1df8d6359c.jpg;;text;/upload/iblock/55d/55dccea28241676108142184d52dc281.jpg;;text;koltso_na_dve_falangi_iz_belogo_zolota_s_brilliantami;500;;1011294;;;;Кольца;Белое золото;;585;;;;;;;;;;;;Ювелирные изделия;Кольца;На 2 фаланги
1333;Кольцо на две фаланги из золота;1817;Y;;;/upload/iblock/f54/f5432259b8ef63844022781b714e7f22.jpg;;text;/upload/iblock/4d6/4d64af739d78fd3ae850d8a8a9fee3c9.jpg;;text;koltso_na_dve_falangi_iz_zolota;500;;4564789;;;;Кольца;Желтое золото;3.3000;583;;;;;;;;;;1.0000;5.0000;Ювелирные изделия;Кольца;На 2 фаланги
1334;Браслет-цепь из желтого и белого золота;1818;Y;;;/upload/iblock/8eb/8eb92189ef9d453d14f86b1439411d67.jpg;;text;/upload/iblock/6f9/6f9c151e75b6caf43e4129d23112a175.jpg;;text;braslet_tsep_iz_zheltogo_i_belogo_zolota;500;;000010;;;;Браслеты;Желтое золото;;585;;;;;;;;;;;;Ювелирные изделия;Браслеты;Браслеты-цепи
1334;Браслет-цепь из желтого и белого золота;1818;Y;;;/upload/iblock/8eb/8eb92189ef9d453d14f86b1439411d67.jpg;;text;/upload/iblock/6f9/6f9c151e75b6caf43e4129d23112a175.jpg;;text;braslet_tsep_iz_zheltogo_i_belogo_zolota;500;;000010;;;;Браслеты;Белое золото;;585;;;;;;;;;;;;Ювелирные изделия;Браслеты;Браслеты-цепи
1341;Браслет-цепь из розового золота;1819;Y;;;/upload/iblock/856/856526f9edd807c11583c2d7a52e9b61.jpg;;text;/upload/iblock/1b6/1b68ce0f4cdded0f6a596c0983f94b9d.jpg;;text;braslet_tsep_iz_rozovogo_zolota;500;;000011;;;;Браслеты;Розовое золото;;585;;;;;;;;;;;;Ювелирные изделия;Браслеты;Браслеты-цепи
1358;Помолвочное кольцо из красного золота с фианитами;1820;Y;;;/upload/iblock/280/28028d68eec74f8f0c389fbe91dc4b6d.jpg;;text;/upload/iblock/f66/f66a52b04902e1c731620e4cb6324a3a.jpg;;text;pomolvochnoe_koltso_iz_zolota_s_brilliantami;500;;0101343;;;;Кольца;Красное золото;;585;;;;;;;;;;;;Ювелирные изделия;Кольца;Помолвочные
1359;Браслет-цепь из белого золота с сапфирами;1821;Y;;;/upload/iblock/d8d/d8da9199f9443a690c9f49c43c9d700a.jpg;;text;/upload/iblock/a77/a77817bb3d265409309729c15a2a28b7.jpg;;text;braslet_tsep_iz_belogo_zolota_s_sapfirami;500;;000012;;;;;;;;;;;;;;;;;;;Ювелирные изделия;Браслеты;Браслеты-цепи
1373;Помолвочное кольцо из серебра;1822;Y;;;/upload/iblock/25b/25b5a85c4111e0112166306c42036a2a.jpg;;text;/upload/iblock/2d9/2d9e8dfc156362e3171676d30f1504fe.jpg;;text;pomolvochnoe_koltso_iz_serebra;500;;94011312;;;;Кольца;Серебро;;925;;;;;;;;;;;;Ювелирные изделия;Кольца;Помолвочные
1382;Помолвочное кольцо из золота с бриллиантом;1823;Y;;;/upload/iblock/1c7/1c7f468dc0716909477fcff016c584be.jpg;;text;/upload/iblock/4c8/4c84bdcb24f884cc295ae6e915cdd677.jpg;;text;pomolvochnoe_koltso_iz_zolota_s_brilliantom;500;;1011395;;;;Кольца;Красное золото;;585;;;;;;;;;;;;Ювелирные изделия;Кольца;Помолвочные
1383;Жеский браслет из розового золота с жемчугом;1824;Y;;;/upload/iblock/a76/a7606c9e176e2c664a4ab47fba473969.png;;text;/upload/iblock/0d2/0d254d55e982e8311fcfbd35be952aec.png;;text;zheskiy_braslet_iz_rozovogo_zolota_s_zhemchugom;500;;000013;;;;Браслеты;Белое золото;;585;;;;;;;;;;;;Ювелирные изделия;Браслеты;Жесткие браслеты
1399;Помолвочное кольцо из белого золота с бриллиантами;1825;Y;;;/upload/iblock/439/439b33947ec2280f3c850aad5ab10c91.jpg;;text;/upload/iblock/7dd/7ddca66f557486ac19a216995dac0da9.jpg;;text;pomolvochnoe_koltso_iz_belogo_zolota_s_brilliantami;500;;3001011;;;;;;;;;;;;;;;;;;;Ювелирные изделия;Кольца;Помолвочные
1400;Жесткий браслет из белого золота с жемчугом;1826;Y;;;/upload/iblock/480/48086e7ed5bbaedc75c974f652900733.png;;text;/upload/iblock/8ce/8ce31e8ba829d9ac26fddb48943d8470.png;;text;zhestkiy_braslet_iz_belogo_zolota_s_zhemchugom;500;;000014;да;;;Браслеты;Белое золото;;585;;;;;;;;;;;;Ювелирные изделия;Браслеты;Жесткие браслеты
1406;Жесткий браслет из серебра с эмалью;1827;Y;;;/upload/iblock/f83/f83c2b35e381b98fae4f87e6fc02fda3.png;;text;/upload/iblock/2fa/2faee85fbb0ff11dd78be8753727bc1c.png;;text;zhestkiy_braslet_iz_serebra_s_emalyu;500;;000015;;;;Браслеты;Серебро;;925;;;;;;;;;;;;Ювелирные изделия;Браслеты;Жесткие браслеты
1417;Помолвочное кольцо из красного золота с бриллиантами;1828;Y;;;/upload/iblock/810/810d79764cc5efbb6c8bf986f31cf4df.jpg;;text;/upload/iblock/2ea/2eab1b6b2ea86e06e034d0144a4fd006.jpg;;text;pomolvochnoe_koltso_iz_krasnogo_zolota_s_brilliantami;500;;9010020;;да;;Кольца;Красное золото;3.4400;585;;;;;;;;;;2.0000;10.0000;Ювелирные изделия;Кольца;Помолвочные
1423;Жесткий браслет из золота с бриллиантами;1829;Y;;;/upload/iblock/8b7/8b77cde00433b1064ca556992610a3a7.png;;text;/upload/iblock/111/11195bb1f270314e02ed256b94e210a0.png;;text;zhestkiy_braslet_iz_zolota_s_brilliantami;500;;000016;;;;;Красное золото;;585;;;;;;;;;;;;Ювелирные изделия;Браслеты;Жесткие браслеты
1435;Кольцо из красного золота;1830;Y;;;/upload/iblock/200/2008d0704179b60d18a3882966aa8cf9.jpg;;text;/upload/iblock/92f/92fdedae0bdc6280ab38e9afb1c3601f.jpg;;text;koltso_iz_krasnogo_zolota;500;;0110736;;;;Кольца;Красное золото;;585;;;;;;;;;;;;Ювелирные изделия;Кольца;Религиозные
1436;Жесткий браслет из желтого и белого золота;1831;Y;;;/upload/iblock/990/990427c7b6236c3ec7c59bc4cc08da55.jpg;;text;/upload/iblock/893/8937fce27e4f80ec3268b422e557925a.jpg;;text;zhestkiy_braslet_iz_zheltogo_i_belogo_zolota;500;;000017;;;да;Браслеты;Желтое золото;;585;;;;;;;;;;;;Ювелирные изделия;Браслеты;Жесткие браслеты
1436;Жесткий браслет из желтого и белого золота;1831;Y;;;/upload/iblock/990/990427c7b6236c3ec7c59bc4cc08da55.jpg;;text;/upload/iblock/893/8937fce27e4f80ec3268b422e557925a.jpg;;text;zhestkiy_braslet_iz_zheltogo_i_belogo_zolota;500;;000017;;;да;Браслеты;Белое золото;;585;;;;;;;;;;;;Ювелирные изделия;Браслеты;Жесткие браслеты
1451;Кольцо из золота с эмалью с фианитом;1832;Y;;;/upload/iblock/a2c/a2c4afe092589f58fda38be02396ffbb.jpg;;text;/upload/iblock/157/15721c77db3b1f02662ad1266724a890.jpg;;text;koltso_iz_zolota_s_emalyu_s_fianitom;500;;017004;;;;Кольца;Красное золото;;925;;;;;;;;;;;;Ювелирные изделия;Кольца;Религиозные
1452;Слейв-браслет из желтого золота с гранатами;1833;Y;;;/upload/iblock/2e6/2e6fd09eacf820bf54a6dbb6cd73e96b.jpg;;text;/upload/iblock/a8f/a8f1867c0808ba9cb011aa1ffed14a2b.jpg;;text;sleyv_braslet_iz_zheltogo_zolota_s_granatami;500;;000017;;;;Браслеты;Желтое золото;;585;;;;;;;;;;;;Ювелирные изделия;Браслеты;Слейв-браслеты
1456;Кольцо из серебра с эмалью с фианитом;1834;Y;;;/upload/iblock/a69/a69bf607b29b7502ad7f30d5a2ccfb47.jpg;;text;/upload/iblock/c89/c8912c93b3a63c5f3dffa8fbd665706f.jpg;;text;koltso_iz_serebra_s_emalyu_s_fianitom;500;;94011842;;;;Кольца;Серебро;;925;;;;;;;;;;;;Ювелирные изделия;Кольца;Религиозные
1466;Кольцо православное из красного золота;1835;Y;;;/upload/iblock/489/489eb6f0844596d536e104cb4c9e068f.jpg;;text;/upload/iblock/05a/05adbd00406ea9b6d89fd56f06f8d33b.jpg;;text;koltso_pravoslavnoe_iz_krasnogo_zolota;500;;119826;;да;;Кольца;Красное золото;;585;;;;;;;;;;;;Ювелирные изделия;Кольца;Религиозные
1467;Слейв браслет из белого и желтого золота с янтaрём и керамикой;1836;Y;;;;;text;/upload/iblock/d5e/d5e9f036f2c47c2e7f4375869e9cdf3b.png;;text;sleyv_braslet_iz_belogo_i_zheltogo_zolota_s_yantoryem_i_keramikoy;500;;000018;да;;;Браслеты;Желтое золото;3.3500;585;;;;/upload/iblock/88a/88ad2d029e1474a38ed1b9a431536433.png;;;;;;2.0000;9.0000;Ювелирные изделия;Браслеты;Слейв-браслеты
1467;Слейв браслет из белого и желтого золота с янтaрём и керамикой;1836;Y;;;;;text;/upload/iblock/d5e/d5e9f036f2c47c2e7f4375869e9cdf3b.png;;text;sleyv_braslet_iz_belogo_i_zheltogo_zolota_s_yantoryem_i_keramikoy;500;;000018;да;;;Браслеты;Белое золото;3.3500;585;;;;/upload/iblock/88a/88ad2d029e1474a38ed1b9a431536433.png;;;;;;2.0000;9.0000;Ювелирные изделия;Браслеты;Слейв-браслеты
1478;Кольцо из серебра;1837;Y;;;/upload/iblock/17f/17ff95a7eb7cd44f731debffe42fae62.jpg;;text;/upload/iblock/06c/06c6e80d5b3c3a4cf684993afad32e78.jpg;;text;koltso_iz_serebra;500;;1234;;;;Кольца;Серебро;;925;;;;;;;;;;;;Ювелирные изделия;Кольца;Религиозные
1479;Слейв браслет из белого золота с топазами;1838;Y;;;/upload/iblock/406/406da8aeb7e673d9db38df484359b9cf.jpg;;text;/upload/iblock/f99/f999aae46ef41abbd50ad89cc9e8e9c0.jpg;;text;sleyv_braslet_iz_belogo_zolota_s_topazami;500;;000019;;;;Браслеты;Белое золото;3.2000;585;;;;;;;;;;1.0000;4.0000;Ювелирные изделия;Браслеты;Слейв-браслеты
1504;Кольцо из золочёного серебра с эмалью с фианитами;1839;Y;;;/upload/iblock/253/253749e0e16702568eed4dc9cc35a9ae.jpg;;text;/upload/iblock/3ff/3ff22fbc59f57e854ada826fdcf27468.jpg;;text;koltso_iz_zolochyenogo_serebra_s_emalyu_s_fianitami;500;;93010479;;да;;Кольца;Золоченое серебро;;925;;;;;;;;;;;;Ювелирные изделия;Кольца;Тематические
1527;Кольцо с крылышками украшенными эмалью;1840;Y;;;/upload/iblock/ba3/ba3bfcdb421de1e01a539a9f4cd4773d.jpg;;text;/upload/iblock/e8f/e8fb8ed81b14abd3678358b3cb6b028c.jpg;;text;koltso_s_krylyshkami_ukrashennymi_emalyu;500;;94011438;;;;Кольца;Серебро;;925;;;;;;;;;;;;Ювелирные изделия;Кольца;Тематические
1545;Кольцо из золота с миксом камней;1841;Y;;;/upload/iblock/4f6/4f6e244bf83fd5c9a6190ce07812e41a.jpg;;text;/upload/iblock/13a/13aac2cb4f8d1df9056880e09c2b2bc9.jpg;;text;koltso_iz_zolota_s_miksom_kamney;500;;712391;;;;Кольца;Красное золото;;585;;;;;;;;;;;;Ювелирные изделия;Кольца;Тематические
1558;Кольцо из золота с бриллиантами и рубинами;1842;Y;;;/upload/iblock/16f/16f2f6a8b8003e29020cd9034fc0dacc.jpg;;text;/upload/iblock/01f/01fe26f1377c14b8047883312356353f.jpg;;text;koltso_iz_zolota_s_brilliantami_i_rubinami;500;;4010527;да;да;да;Кольца;Красное золото;3.3500;585;;;;;;;;;;2.0000;9.0000;Ювелирные изделия;Кольца;Тематические
1559;Браслет детский из серебра с эмалью;1843;Y;;;/upload/iblock/674/6745329c9bcac586b23cdf87b7664d43.png;;text;/upload/iblock/dcf/dcf8a34dce2f71bddda2f1da6831b422.png;;text;braslet_detskiy_iz_serebra_s_emalyu;500;;000020;;;;Браслеты;Серебро;;875;;;;;;;;;;;;Ювелирные изделия;Для детей;Браслеты
1566;Браслет детский из розового золота с фианитами;1844;Y;;;/upload/iblock/f61/f61a042715c3a5c09ddea17a114074f4.jpg;;text;/upload/iblock/399/3999e0d28016525c2d880761bef3da41.jpg;;text;braslet_detskiy_iz_rozovogo_zolota_s_fianitami;500;;000021;;;;Браслеты;Розовое золото;;585;;;;;;;;;;;;Ювелирные изделия;Для детей;Браслеты
1581;Кольцо из белого золота с бриллиантами и рубинами;1845;Y;;;;;text;/upload/iblock/5d4/5d441be4dffd726727dd23777e5b43da.jpg;Аристократическая холодность и жгучая страстность – эти две противоположные стихии умело соединены в кольцах из белого золота с рубином. На фоне чистейшего в своей белизне металла яркий камень насыщенного оттенка спелой малины создает глубокий контраст, который символизирует противоречивые эмоции, так свойственные всем представительницам прекрасного пола. Оригинальные дизайнерские решения вкупе с эксцентричной цветовой гаммой – подарок из такого раздела не сможет никого оставить равнодушным и передаст всю гамму Ваших чувств без слов.;text;koltso_iz_belogo_zolota_s_brilliantami_i_rubinami;500;;110059;да;да;да;Кольца;Белое золото;3.2000;585;;;;/upload/iblock/71d/71d0078d2d611c41d1b81d7c54bc6176.jpg;;;;;;6.0000;20.0000;Ювелирные изделия;Кольца;Тематические
1581;Кольцо из белого золота с бриллиантами и рубинами;1845;Y;;;;;text;/upload/iblock/5d4/5d441be4dffd726727dd23777e5b43da.jpg;Аристократическая холодность и жгучая страстность – эти две противоположные стихии умело соединены в кольцах из белого золота с рубином. На фоне чистейшего в своей белизне металла яркий камень насыщенного оттенка спелой малины создает глубокий контраст, который символизирует противоречивые эмоции, так свойственные всем представительницам прекрасного пола. Оригинальные дизайнерские решения вкупе с эксцентричной цветовой гаммой – подарок из такого раздела не сможет никого оставить равнодушным и передаст всю гамму Ваших чувств без слов.;text;koltso_iz_belogo_zolota_s_brilliantami_i_rubinami;500;;110059;да;да;да;Кольца;Белое золото;3.2000;585;;;;/upload/iblock/9c0/9c01d234cf81dd8883622e4a8113119d.jpg;;;;;;6.0000;20.0000;Ювелирные изделия;Кольца;Тематические
1581;Кольцо из белого золота с бриллиантами и рубинами;1845;Y;;;;;text;/upload/iblock/5d4/5d441be4dffd726727dd23777e5b43da.jpg;Аристократическая холодность и жгучая страстность – эти две противоположные стихии умело соединены в кольцах из белого золота с рубином. На фоне чистейшего в своей белизне металла яркий камень насыщенного оттенка спелой малины создает глубокий контраст, который символизирует противоречивые эмоции, так свойственные всем представительницам прекрасного пола. Оригинальные дизайнерские решения вкупе с эксцентричной цветовой гаммой – подарок из такого раздела не сможет никого оставить равнодушным и передаст всю гамму Ваших чувств без слов.;text;koltso_iz_belogo_zolota_s_brilliantami_i_rubinami;500;;110059;да;да;да;Кольца;Белое золото;3.2000;585;;;;/upload/iblock/fc5/fc5471a81e2b3410d3f45445bd1b8876.jpg;;;;;;6.0000;20.0000;Ювелирные изделия;Кольца;Тематические
1582;Браслет детский из серебра с фианитами;1846;Y;;;/upload/iblock/e57/e573c91db287d9b9f841c9af04fdf145.jpg;;text;/upload/iblock/578/5786bbe500384b8b945597bfa3358f6d.jpg;;text;braslet_detskiy_iz_serebra_s_fianitami;500;;000024;;;;Браслеты;Серебро;;875;;;;;;;;;;;;Ювелирные изделия;Для детей;Браслеты
1591;Браслет детский из белого и желтого золота;1847;Y;;;/upload/iblock/5b9/5b959ba35c685ba885f37b0cbe8f30dd.jpg;;text;/upload/iblock/501/501ceab37757ca58a290286c6ddee2db.jpg;;text;braslet_detskiy_iz_belogo_i_zheltogo_zolota;500;;000022;;;;Браслеты;Желтое золото;;585;;;;;;;;;;;;Ювелирные изделия;Для детей;Браслеты
1591;Браслет детский из белого и желтого золота;1847;Y;;;/upload/iblock/5b9/5b959ba35c685ba885f37b0cbe8f30dd.jpg;;text;/upload/iblock/501/501ceab37757ca58a290286c6ddee2db.jpg;;text;braslet_detskiy_iz_belogo_i_zheltogo_zolota;500;;000022;;;;Браслеты;Белое золото;;585;;;;;;;;;;;;Ювелирные изделия;Для детей;Браслеты
1603;Браслет из белого золота с бриллиантами и сапфирами;1848;Y;;;/upload/iblock/a44/a4463c7a2301100e037f3435800e98bc.jpg;;text;/upload/iblock/ff2/ff2b21792f6301cd2bea02ab2b279976.jpg;;text;braslet_iz_belogo_zolota_s_brilliantami_i_sapfirami;500;;150836;;;;Браслеты;Белое золото;;585;;;;;;;;;;;;Ювелирные изделия;Для мужчин;Браслеты
1607;Мужской браслет из серебра с рифлеными звеньями;1849;Y;;;/upload/iblock/068/068cb4c5590d09f425f53aaec05788f9.jpg;;text;/upload/iblock/b8b/b8bdad1fc7de5869ebdfba86955b4f02.jpg;;text;muzhskoy_braslet_iz_serebra_s_riflenymi_zvenyami;500;;4567124;;;;Браслеты;Серебро;;875;;;;;;;;;;;;Ювелирные изделия;Для мужчин;Браслеты
1610;Мужской браслет из серебра со вставкой с изображением креста;1850;Y;;;/upload/iblock/7f2/7f20fbc3b90b219d5f17e8592c6e996e.jpg;;text;/upload/iblock/a98/a988dfe34cb4e2743974d142cdd3b7a9.jpg;;text;muzhskoy_braslet_iz_serebra_so_vstavkoy_s_izobrazheniem_kresta;500;;489421;;;;Браслеты;Серебро;;875;;;;;;;;;;;;Ювелирные изделия;Для мужчин;Браслеты
1611;Браслет детский из белого золота с керамикой;1851;Y;;;/upload/iblock/974/9741645d32101b158ee9aa296429e6dc.png;;text;/upload/iblock/011/01139abc8155d16bbeb70dbb7264fb21.png;;text;braslet_detskiy_iz_belogo_zolota_s_keramikoy;500;;000023;;;;Браслеты;Белое золото;3.1100;585;;;;;;;;;;1.0000;3.0000;Ювелирные изделия;Для детей;Браслеты
1611;Браслет детский из белого золота с керамикой;1851;Y;;;/upload/iblock/974/9741645d32101b158ee9aa296429e6dc.png;;text;/upload/iblock/011/01139abc8155d16bbeb70dbb7264fb21.png;;text;braslet_detskiy_iz_belogo_zolota_s_keramikoy;500;;000023;;;;Браслеты;Керамика;3.1100;585;;;;;;;;;;1.0000;3.0000;Ювелирные изделия;Для детей;Браслеты
1623;Мужской браслет из серебра с фианитами;1852;Y;;;/upload/iblock/311/311039b1caa0b23a48b79895b00f4443.jpg;;text;/upload/iblock/192/192c79fa43224d20ed2b7fee2856d791.jpg;;text;muzhskoy_braslet_iz_serebra_s_fianitami;500;;123479;;;;Браслеты;Серебро;3.1900;875;;;;;;;;;;2.0000;7.0000;Ювелирные изделия;Для мужчин;Браслеты
1624;Кольцо детское из золота с изумрудом;1853;Y;;;/upload/iblock/9e7/9e7bed721b56c9f75b580cc080ee8c8e.jpg;;text;/upload/iblock/0a1/0a12131fe72189a0057cc77403e973f2.jpg;;text;koltso_detskoe_iz_zolota_s_izumrudom;500;;000024;;;;Кольца;Желтое золото;;585;;;;;;;;;;;;Ювелирные изделия;Для детей;Кольца
1633;Зажим для галстука из красного золота с фианитами;1854;Y;;;/upload/iblock/b59/b59ea29f055146629e7ecc8fed634373.jpg;;text;/upload/iblock/17f/17f76e7e710ea6a3ca1cafdee6b1a0ce.jpg;;text;zazhim_dlya_galstuka_iz_krasnogo_zolota_s_fianitami;500;;090046;;;;Зажим для галстука;Красное золото;;585;;;;;;;;;;;;Ювелирные изделия;Для мужчин;Зажимы для галстука
1642;Зажим из красного золота с фианитами;1855;Y;;;/upload/iblock/8d3/8d31a864de51664576014112e6a9f2c4.png;;text;/upload/iblock/4cc/4ccf50cd6ac3a2f2cc1aa5de62c44158.png;;text;zazhim_iz_krasnogo;500;;4433464;;;;Зажим для галстука;Красное золото;3.0200;585;;;;;;;;;;1.0000;2.0000;Ювелирные изделия;Для мужчин;Зажимы для галстука
1644;Зажим из красного золота со вставкой из фианита;1856;Y;;;/upload/iblock/d4b/d4b1f449ac827db1b5b9653c295ee79f.png;;text;/upload/iblock/c18/c18358ac40d562b9b9cb85fc2b882854.png;;text;zazhim_iz_krasnogo_zolota_so_vstavkoy_iz_fianita;500;;4431700;;;да;;;;;;;;;;;;;;;;Ювелирные изделия;Для мужчин;Зажимы для галстука
1645;Кольцо детское из розового и белого золота с топазами;1857;Y;;;/upload/iblock/8ef/8ef7c1dd56c6964638d9716d1dd36e3d.jpg;;text;/upload/iblock/5fc/5fc40165a41070287866da8a008b4ed4.jpg;;text;koltso_detskoe_iz_rozovogo_i_belogo_zolota_s_topazami;500;;000026;да;;;Кольца;Белое золото;3.4800;585;;;;;;;;;;3.0000;14.0000;Ювелирные изделия;Для детей;Кольца
1645;Кольцо детское из розового и белого золота с топазами;1857;Y;;;/upload/iblock/8ef/8ef7c1dd56c6964638d9716d1dd36e3d.jpg;;text;/upload/iblock/5fc/5fc40165a41070287866da8a008b4ed4.jpg;;text;koltso_detskoe_iz_rozovogo_i_belogo_zolota_s_topazami;500;;000026;да;;;Кольца;Розовое золото;3.4800;585;;;;;;;;;;3.0000;14.0000;Ювелирные изделия;Для детей;Кольца
1657;Зажим из красного золота с фианитами;1858;Y;;;/upload/iblock/155/15566a89ad3189bc79d628538fb37973.jpg;;text;/upload/iblock/ad0/ad0d153e30f51994ccf4bb500566f357.jpg;;text;zazhim_iz_krasnogo_zolota_s_fianitami;500;;1310022;;;;Зажим для галстука;Красное золото;;585;;;;;;;;;;;;Ювелирные изделия;Для мужчин;Зажимы для галстука
1658;Кольцо детское из желтого золота с фианитами;1859;Y;;;/upload/iblock/cef/cef7b10cec1521ebc05f3597c13f791a.jpg;;text;/upload/iblock/5e3/5e3edc9cf545241e0640ebb7f8d14804.jpg;;text;koltso_detskoe_iz_zheltogo_zolota_s_fianitami;500;;000027;;;;Кольца;Желтое золото;;585;;;;;;;;;;;;Ювелирные изделия;Для детей;Кольца
1667;Серебряные запонки с позолотой;1860;Y;;;/upload/iblock/a47/a47e7f05586f89b72ff9ac466a34a03c.jpg;;text;/upload/iblock/0cc/0cccac53a4b9283830d644bb37afcc71.jpg;;text;serebryanye_zaponki_s_pozolotoy;500;;93160002;;;;Запонки;Серебро;;875;;;;;;;;;;;;Ювелирные изделия;Для мужчин;Запонки
1668;Кольцо детское из серебра с эмалью;1861;Y;;;/upload/iblock/ddf/ddf551235f3af8d509707e9451871bce.jpg;;text;/upload/iblock/ce6/ce68e5e4f00f542018dbaa206a4727d0.jpg;;text;koltso_detskoe_iz_serebra_s_emalyu;500;;000028;;;;Кольца;Серебро;;875;;;;;;;;;;;;Ювелирные изделия;Для детей;Кольца
1672;Подвеска детская из желтого золота с жемчугом и фианитами;1862;Y;;;/upload/iblock/3ee/3ee5a701eb234bf860ce63e961ec548c.jpg;;text;/upload/iblock/645/6452d0521a8dcf3c4ddf3402c5a940e5.jpg;;text;podveska_detskaya_iz_zolota_s_zhemchugom_i_fianitami;500;;000029;;;да;Подвески;Желтое золото;3.3000;585;;;;;;;;;;1.0000;5.0000;Ювелирные изделия;Для детей;Подвески
1684;Запонки из красного золота со вставками из эмали;1863;Y;;;/upload/iblock/d84/d840d86050517715616b8f8ba1f798a9.jpg;;text;/upload/iblock/734/734b38f0e230e2e0c88539799f17f186.jpg;;text;zaponki_iz_krasnogo_zolota_so_vstavkami_iz_emali;500;;120000;;;;Запонки;Красное золото;;585;;;;;;;;;;;;Ювелирные изделия;Для мужчин;Запонки
1686;Запонки из красного золота;1864;Y;;;/upload/iblock/698/69879b3f71b4f3ba29c714061acac7ee.png;;text;/upload/iblock/adc/adc909a68195440c3b26324eea0843da.png;;text;zaponki_iz_krasnogo_zolota;500;;9438506;;;;Запонки;Красное золото;;585;;;;;;;;;;;;Ювелирные изделия;Для мужчин;Запонки
1688;Запонки из красного золота с фианитами;1865;Y;;;/upload/iblock/dc3/dc300e839521c2b08f08829e72997c31.jpg;;text;/upload/iblock/910/910bc1c77e84ddea0520fe6deec66b86.jpg;;text;zaponki_iz_krasnogo_zolota_s_fianitami;500;;160037;;;;Запонки;Красное золото;;585;;;;;;;;;;;;Ювелирные изделия;Для мужчин;Запонки
1689;Подвеска детская из розового золота с эмалью и фианитами;1866;Y;;;/upload/iblock/74d/74dc994c65f83b1f940f0edb406184ef.jpg;;text;/upload/iblock/7f5/7f5fe739b0166a458f5a070c9d847ee5.jpg;;text;podveska_detskaya_iz_rozovogo_zolota_s_emalyu_i_fianitami;500;;000029;;;;Подвески;Розовое золото;;585;;;;;;;;;;;;Ювелирные изделия;Для детей;Подвески
1704;Подвеска детская из белого и желтого золота с фианитом;1867;Y;;;/upload/iblock/8c8/8c855f0abb3139fc9a09c39a51279038.jpg;;text;/upload/iblock/85f/85f08694b31a239bfcb8e7388b7d8031.jpg;;text;podveska_detskaya_iz_belogo_i_zheltogo_zolota_s_fianitom;500;;000030;;;;Подвески;Желтое золото;;585;;;;;;;;;;;;Ювелирные изделия;Для детей;Подвески
1704;Подвеска детская из белого и желтого золота с фианитом;1867;Y;;;/upload/iblock/8c8/8c855f0abb3139fc9a09c39a51279038.jpg;;text;/upload/iblock/85f/85f08694b31a239bfcb8e7388b7d8031.jpg;;text;podveska_detskaya_iz_belogo_i_zheltogo_zolota_s_fianitom;500;;000030;;;;Подвески;Белое золото;;585;;;;;;;;;;;;Ювелирные изделия;Для детей;Подвески
1720;Мужская печатка из красного золота с фианитами;1868;Y;;;/upload/iblock/972/9720cc6082ecc0a578d45dfabd296c57.jpg;;text;/upload/iblock/bdf/bdf6538ad99b74ddcf855c55f1228af6.jpg;;text;muzhska_pechatka_iz_krasnogo_zolota_s_fianitami;500;;0500076;;;;Кольца;Красное золото;;585;;;;;;;;;;;;Ювелирные изделия;Для мужчин;Печатки
1721;Подвеска детская из серербра с эмалью;1869;Y;;;/upload/iblock/e02/e027d3b7bce21bfbdecc7e0b134d0873.jpg;;text;/upload/iblock/ba3/ba39925e43f2883b5c240c06023db210.jpg;;text;podveska_detskaya_iz_sererbra_s_emalyu;500;;000031;;;;Подвески;Серебро;;875;;;;;;;;;;;;Ювелирные изделия;Для детей;Подвески
1725;Перстень из красного золота с фианитом;1870;Y;;;/upload/iblock/739/739e15e4149ae1155e87989988a9dd59.jpg;;text;/upload/iblock/65e/65ec74508c50df3122ba588ba28db962.jpg;;text;persten_iz_krasnogo_zolota_s_fianitom;500;;0500045;;;;Кольца;Красное золото;;585;;;;;;;;;;;;Ювелирные изделия;Для мужчин;Перстни
1728;Перстень из красного золота со вставкой из эмали;1871;Y;;;/upload/iblock/4b6/4b6636ae81cea9b0f8ac52a756ab512e.jpg;;text;/upload/iblock/42b/42bb889daa4cc20fe9cea2b8355831da.jpg;;text;persten_iz_krasnogo_zolota_so_vstavkoy_iz_emali;500;;500066;;;;Кольца;Красное золото;;585;;;;;;;;;;;;Ювелирные изделия;Для мужчин;Перстни
1729;Подвеска детская из желтого золота с драгоценными камнями;1872;Y;;;/upload/iblock/d07/d071abe674fe4676141dd4d581ceff55.JPG;;text;/upload/iblock/8dc/8dce8d78cf23369eb9fe1ddf34f8f841.JPG;;text;podveska_detskaya_iz_zolota_s_dragotsennymi_kamnyami;500;;000033;;;;Подвески;Желтое золото;;585;;;;;;;;;;;;Ювелирные изделия;Для детей;Подвески
1751;Серебряный перстень с фианитом;1873;Y;;;/upload/iblock/34d/34dad36de0b8c11daf6a1b3f4f7deb1b.jpg;;text;/upload/iblock/ebc/ebcf0906de607a3899563b16738e13e0.jpg;;text;serebryanyy_persten_s_fianitom;500;;94011388;;да;;Кольца;Серебро;3.2000;875;;;;;;;;;;1.0000;4.0000;Ювелирные изделия;Для мужчин;Перстни
1752;Серьги детские из желтого золота с жемчугом;1874;Y;;;/upload/iblock/898/8989e7c5a6a1417d0c202d36ede0114d.jpg;;text;/upload/iblock/916/9161d5be2d0e330538cab29383f32303.jpg;;text;sergi_detskie_iz_zheltogo_zolota_s_zhemchugom;500;;000035;;;;Серьги;Желтое золото;;585;;;;;;;;;;;;Ювелирные изделия;Для детей;Серьги
1752;Серьги детские из желтого золота с жемчугом;1874;Y;;;/upload/iblock/898/8989e7c5a6a1417d0c202d36ede0114d.jpg;;text;/upload/iblock/916/9161d5be2d0e330538cab29383f32303.jpg;;text;sergi_detskie_iz_zheltogo_zolota_s_zhemchugom;500;;000035;;;;Серьги;Керамика;;585;;;;;;;;;;;;Ювелирные изделия;Для детей;Серьги
1759;Печатка из серебра с гравировкой;1875;Y;;;/upload/iblock/1dc/1dcd93de12a39f155c5bf1998acc3355.jpg;;text;/upload/iblock/7d5/7d5f4d650a2ca7d34109581049d9cf21.jpg;;text;pechatka_iz_serebra_s_gravirovkoy;500;;94011507;;;;Кольца;Серебро;;875;;;;;;;;;;;;Ювелирные изделия;Для мужчин;Печатки
1760;Серьги детские из белого золота с драгоценными камнями;1876;Y;;;/upload/iblock/58c/58cd6dd8ceefd50505fe1a2e9a381954.jpg;;text;/upload/iblock/bab/bab626af8261e06ab663b16574dec0f3.jpg;;text;sergi_detskie_iz_belogo_zolota_s_dragotsennymi_kamnyami;500;;000038;;;;Серьги;Белое золото;;875;;;;;;;;;;;;Ювелирные изделия;Для детей;Серьги
1783;Серебряный перстень с ониксом;1877;Y;;;/upload/iblock/1c0/1c0a1283e471ee1c792a5511b7873eb6.jpg;;text;/upload/iblock/3ee/3ee3b182e2ade84001bed8ec85948369.jpg;;text;serebryanyy_persten_s_oniksom;500;;94010961;;;;Кольца;Серебро;;875;;;;;;;;;;;;Ювелирные изделия;Для мужчин;Перстни
1787;Печатка из серебра с эмалью с фианитами;1878;Y;;;/upload/iblock/2cc/2cc4a635a009f0e3d3b4e8bd7d75f0e5.jpg;;text;/upload/iblock/aa6/aa6ca397dd3ea5ae1d2ec5439ad4922a.jpg;;text;pechatka_iz_serebra_s_emalyu_s_fianitami;500;; 94011391;;;;Кольца;Серебро;;875;;;;;;;;;;;;Ювелирные изделия;Для мужчин;Печатки
1790;Печатка из серебра с ониксом;1879;Y;;;/upload/iblock/d18/d18747b895b303d36265cb94085a94ed.jpg;;text;/upload/iblock/1dd/1dd0cbeb54bf9d7ea9f1c41ead4be487.jpg;;text;pechatka_iz_serebra_s_oniksom;500;;94010962;;;;Кольца;Серебро;3.1900;585;;;;;;;;;;2.0000;7.0000;Ювелирные изделия;Для мужчин;Печатки
1791;Серьги детские из желтого золота с фанитами;1880;Y;;;/upload/iblock/e3b/e3ba84e8b4a2fdc5286cff5fb901a601.jpg;;text;/upload/iblock/5bd/5bdea0d8a9aab216d4bdff00660cabc7.jpg;;text;sergi_detskie_iz_zheltogo_zolota_s_fanitami;500;;000039;да;;;Серьги;Желтое золото;;875;;;;;;;;;;;;Ювелирные изделия;Для детей;Серьги
1797;Серьги детские из серебра с керамикой;1881;Y;;;/upload/iblock/75f/75fb0cff8d4a0a65021241df8fe59e73.jpg;;text;/upload/iblock/a77/a7746ddf2ce0a87da48d6f5f9b910d0a.jpg;;text;sergi_detskie_iz_serebra_s_keramikoy;500;;000040;;;;Серьги;Серебро;;875;;;;;;;;;;;;Ювелирные изделия;Для детей;Серьги
1797;Серьги детские из серебра с керамикой;1881;Y;;;/upload/iblock/75f/75fb0cff8d4a0a65021241df8fe59e73.jpg;;text;/upload/iblock/a77/a7746ddf2ce0a87da48d6f5f9b910d0a.jpg;;text;sergi_detskie_iz_serebra_s_keramikoy;500;;000040;;;;Серьги;Керамика;;875;;;;;;;;;;;;Ювелирные изделия;Для детей;Серьги
1802;Брошь из золота с фианитами;1882;Y;;;/upload/iblock/d9e/d9eac204202496b01bf53c69036f5f0a.jpg;;text;/upload/iblock/e52/e52b7705e79bff1d2ae05d3abcc2c1a0.jpg;;text;brosh_iz_zolota_s_fianitami;500;;040175;;;;Броши;Желтое золото;;585;;;;;;;;;;;;Ювелирные изделия;Другое;Броши
1802;Брошь из золота с фианитами;1882;Y;;;/upload/iblock/d9e/d9eac204202496b01bf53c69036f5f0a.jpg;;text;/upload/iblock/e52/e52b7705e79bff1d2ae05d3abcc2c1a0.jpg;;text;brosh_iz_zolota_s_fianitami;500;;040175;;;;Броши;Белое золото;;585;;;;;;;;;;;;Ювелирные изделия;Другое;Броши
1804;Брошь из красного золота с фианитами;1883;Y;;;/upload/iblock/b33/b33750142b974ab361cce4bc5bd910f6.jpg;;text;/upload/iblock/536/53608bdc357b0fbf0e894e183c4ac4da.jpg;;text;brosh_iz_krasnogo_zolota_s_fianitami;500;;2700002;;;;Броши;Красное золото;;585;;;;;;;;;;;;Ювелирные изделия;Другое;Броши
1805;Серьги детские из желтого золота с драгоценными камнями;1884;Y;;;/upload/iblock/931/93199dbb2b412d29a831e45aa8c4c1b8.jpg;;text;/upload/iblock/da7/da7d3285d17df2fb8460a75f351f1038.jpg;;text;sergi_detskie_iz_zheltogo_zolota_s_dragotsennymi_kamnyami;500;;000041;;;;Серьги;Желтое золото;;585;;;;;;;;;;;;Ювелирные изделия;Для детей;Серьги
1823;Брошь из белого золота с сапфирами и бриллиантами;1885;Y;;;/upload/iblock/f57/f5741404fd9ea2aa3acb15359073b732.jpg;;text;/upload/iblock/c65/c653a642e0200c65edb546ad3a937e22.jpg;;text;brosh_iz_belogo_zolota_s_sapfirami_i_brilliantami;500;;400301;;;;Броши;Белое золото;;585;;;;;;;;;;;;Ювелирные изделия;Другое;Броши
1828;Брошь из золота с разними камнями;1886;Y;;;/upload/iblock/159/159882420ae6a58674cae14d1c3da84a.png;;text;/upload/iblock/a44/a44fad69aa423217280eeeed9e106a64.png;;text;brosh_iz_zolota_s_raznimi_kamnyami;500;;6420151;;;;Броши;Желтое золото;;585;;;;;;;;;;;;Ювелирные изделия;Другое;Броши
1828;Брошь из золота с разними камнями;1886;Y;;;/upload/iblock/159/159882420ae6a58674cae14d1c3da84a.png;;text;/upload/iblock/a44/a44fad69aa423217280eeeed9e106a64.png;;text;brosh_iz_zolota_s_raznimi_kamnyami;500;;6420151;;;;Броши;Белое золото;;585;;;;;;;;;;;;Ювелирные изделия;Другое;Броши
1831;Брошь из белого золота с бриллиантами и цитрином;1887;Y;;;/upload/iblock/2a2/2a2d5cea80eedc0e866ab60ff02bcc63.jpg;;text;/upload/iblock/c7b/c7b111cb0b125446fd7125b59a4271d9.jpg;;text;brosh_iz_belogo_zolota_s_brilliantami_i_tsitrinom;500;;30130171;;;;Броши;Белое золото;;585;;;;;;;;;;;;Ювелирные изделия;Другое;Броши
1832;Часы детские из серебра с керамикой;1888;Y;;;/upload/iblock/df7/df7516f4c5675adb4f5f132fdcbd374f.jpg;;text;/upload/iblock/ab5/ab5ad516045214e517c639e43a7d87d7.jpg;;text;chasy_detskie_iz_serebra_s_keramikoy;500;;000042;;;;Часы;Серебро;;875;;;;;;;;;;;;Ювелирные изделия;Для детей;Часы
1832;Часы детские из серебра с керамикой;1888;Y;;;/upload/iblock/df7/df7516f4c5675adb4f5f132fdcbd374f.jpg;;text;/upload/iblock/ab5/ab5ad516045214e517c639e43a7d87d7.jpg;;text;chasy_detskie_iz_serebra_s_keramikoy;500;;000042;;;;Часы;Керамика;;875;;;;;;;;;;;;Ювелирные изделия;Для детей;Часы
1835;Пирсинг в пупок из золота с топазами;1889;Y;;;/upload/iblock/bc3/bc3065f39eedd424ce03ee115c7f1aac.jpg;;text;/upload/iblock/e9a/e9a8e272c236864f0ef7339fdcb80f91.jpg;;text;pirsing_v_pupok_iz_zolota_s_topazami;500;;760046;;;;Пирсинг;Желтое золото;;585;;;;;;;;;;;;Ювелирные изделия;Другое;Пирсинг
1835;Пирсинг в пупок из золота с топазами;1889;Y;;;/upload/iblock/bc3/bc3065f39eedd424ce03ee115c7f1aac.jpg;;text;/upload/iblock/e9a/e9a8e272c236864f0ef7339fdcb80f91.jpg;;text;pirsing_v_pupok_iz_zolota_s_topazami;500;;760046;;;;Пирсинг;Белое золото;;585;;;;;;;;;;;;Ювелирные изделия;Другое;Пирсинг
1836;Часы детские из желтого золота с керамикой;1890;Y;;;/upload/iblock/7cc/7ccb29a08a08828e233c2caa81cc2a49.jpg;;text;/upload/iblock/116/11631e057983be55533e4144a685eef3.jpg;;text;chasy_detskie_iz_zheltogo_zolota_s_keramikoy;500;;000043;;;;Часы;Желтое золото;;585;;;;;;;;;;;;Ювелирные изделия;Для детей;Часы
1836;Часы детские из желтого золота с керамикой;1890;Y;;;/upload/iblock/7cc/7ccb29a08a08828e233c2caa81cc2a49.jpg;;text;/upload/iblock/116/11631e057983be55533e4144a685eef3.jpg;;text;chasy_detskie_iz_zheltogo_zolota_s_keramikoy;500;;000043;;;;Часы;Керамика;;585;;;;;;;;;;;;Ювелирные изделия;Для детей;Часы
1837;Часы детские из желтого золота с эмалью и фианитами;1891;Y;;;/upload/iblock/bf8/bf880f6e3f18dbf5a8c85fd53e745e59.jpg;;text;/upload/iblock/fdd/fdd46be3865083dcb55c3cf42294c461.jpg;;text;chasy_detskie_iz_zheltogo_zolota_s_emalyu_i_fianitami;500;;;;;;Часы;Желтое золото;;585;;;;;;;;;;;;Ювелирные изделия;Для детей;Часы
1856;Пирсинг из красного золота с фианитами;1892;Y;;;/upload/iblock/951/95133b7035d5fc6fcc97d15064481194.jpg;;text;/upload/iblock/303/303c3088042c92f64034dcd456b6b0a8.jpg;;text;pirsing_iz_krasnogo_zolota_s_fianitami;500;;260742;;;;Пирсинг;Желтое золото;;585;;;;;;;;;;;;Ювелирные изделия;Другое;Пирсинг
1857;Часы детские из желтого золота с фианитами;1893;Y;;;/upload/iblock/ac6/ac60695891059621c6a3db375ee92a52.jpg;;text;/upload/iblock/9c4/9c45863a2e39f4a647a0200a9b0a4250.jpg;;text;chasy_detskie_iz_zheltogo_zolota_s_fiaitami1;500;;000045;да;;;Часы;Желтое золото;;585;;;;;;;;;;;;Ювелирные изделия;Для детей;Часы
1876;Часы детские позолоченные с эмалью;1894;Y;;;/upload/iblock/d43/d4320aabf908a190631022e40fa4e740.jpg;;text;/upload/iblock/08d/08d1afbc1221d777f8b39b86eee9ff3b.jpg;;text;chasy_detskie_pozolochennye_s_emalyu;500;;000048;;;;Часы;Золоченое серебро;;585;;;;;;;;;;;;Ювелирные изделия;Для детей;Часы
1878;Цепь из желтого золота;1895;Y;;;/upload/iblock/df4/df4c6aa00e7a5d438e5225a0a06ec849.jpg;;text;/upload/iblock/0c6/0c602e856f2931c1c26b21fb978d0646.jpg;;text;tsep_iz_zheltogo_zolota;500;;000050;;;;Цепи;Желтое золото;;585;;;;;;;;;;;;Ювелирные изделия;Цепи;
1879;Цепь из розового золота;1896;Y;;;/upload/iblock/456/456731ac35f04952f92c958e7692100d.png;;text;/upload/iblock/8ff/8ff01d90ada3f09b4eaa31c5c3f50113.png;;text;tsep_iz_rozovogo_zolota;500;;000052;;;;Цепи;Розовое золото;;585;;;;;;;;;;;;Ювелирные изделия;Цепи;
1880;Цепь из белого золота;1897;Y;;;/upload/iblock/bfc/bfc77a8f20ba4e493d158e23bdf94bcc.jpg;;text;/upload/iblock/456/456b0ae8f3b38228955b1a6039934ce7.jpg;;text;tsep_iz_belogo_zolota;500;;000054;;;;Цепи;Белое золото;;585;;;;;;;;;;;;Ювелирные изделия;Цепи;
1881;Цепь из серебра;1898;Y;;;/upload/iblock/a28/a28c31f4b7b6a65bbff2a71b40c57007.jpg;;text;/upload/iblock/f07/f07032ef2cb7325b12aab7da218af808.jpg;;text;tsep_iz_serebra;500;;000055;;;;Цепи;Серебро;;875;;;;;;;;;;;;Ювелирные изделия;Цепи;
1883;Пирсинг из золота с фианитами;1899;Y;;;/upload/iblock/6b6/6b68827531f9c2a89acf55a9dbf22ac4.jpg;;text;/upload/iblock/778/778f6dfe6725e37a5f99bea4e628b0c5.jpg;;text;pirsing_iz_zolota_s_fianitami;500;;06000;;;;Пирсинг;Желтое золото;3.3000;825;;;;;;;;;;1.0000;5.0000;Ювелирные изделия;Другое;Пирсинг
1884;Цепь из белого и желтого золота;1900;Y;;;/upload/iblock/6df/6df9bc867870eb9e9992c2ac514e363e.jpg;;text;/upload/iblock/071/07195d4a999f23fa359b86bd94fc6c5c.jpg;;text;tsep_iz_belogo_i_zheltogo_zolota;500;;000056;;;;Цепи;Желтое золото;;585;;;;;;;;;;;;Ювелирные изделия;Цепи;
1884;Цепь из белого и желтого золота;1900;Y;;;/upload/iblock/6df/6df9bc867870eb9e9992c2ac514e363e.jpg;;text;/upload/iblock/071/07195d4a999f23fa359b86bd94fc6c5c.jpg;;text;tsep_iz_belogo_i_zheltogo_zolota;500;;000056;;;;Цепи;Белое золото;;585;;;;;;;;;;;;Ювелирные изделия;Цепи;
1887;Пирсинг из золота с фианитом;1901;Y;;;/upload/iblock/afb/afb65ec52abade4e72d674fa13ff7fee.jpg;;text;/upload/iblock/a03/a034b734d422ee39a1ae02b653ded743.jpg;;text;pirsing_iz_zolota_s_fianitom;500;;06000;;;;Пирсинг;Желтое золото;;585;;;;;;;;;;;;Ювелирные изделия;Другое;Пирсинг
1888;Часы карманные из серебра с эмалью;1902;Y;;;/upload/iblock/8f2/8f295998944cc1ef3fbf6b4f4d5e1d68.jpg;;text;/upload/iblock/f04/f04bd4e6f6cda9768041c0c39b6be4ac.jpg;;text;chasy_karmannye_iz_serebra_s_emalyu;500;;000057;;;;Часы;Серебро;;875;;;;;;;;;;;;Ювелирные изделия;Часы;Карманные
1890;Часы карманные из желтого золота с эмалью;1903;Y;;;/upload/iblock/996/9962bacd447f73aad4df8adf208c02cc.jpg;;text;/upload/iblock/d89/d89a1f8162534c59b16edcf2a4b3917c.jpg;;text;chasy_karmannye_iz_zheltogo_zolota_s_emalyu;500;;000058;;;;Часы;Желтое золото;;585;;;;;;;;;;;;Ювелирные изделия;Часы;Карманные
1893;Серебряная ложка;1904;Y;;;/upload/iblock/b22/b22d908e542b87f77e0cdd19a632627e.jpg;;text;/upload/iblock/b87/b87bc2db090801aab455d3d242140f80.jpg;;text;serebryanaya_lozhka;500;;1230033;;;;Столовое серебро;Серебро;;875;;;;;;;;;;;;Ювелирные изделия;Другое;Столовое серебро
1894;Часы карманные из розового золота;1905;Y;;;/upload/iblock/e2d/e2d05c786170bc293268b27a6f6bdeb0.jpg;;text;/upload/iblock/f3d/f3d2c11b82913354f917f094902dee85.jpg;;text;chasy_karmannye_iz_rozovogo_zolota;500;;00059;;да;;Часы;Розовое золото;;585;;;;;;;;;;;;Ювелирные изделия;Часы;Карманные
1897;Ложка из серебра с эмалью;1906;Y;;;/upload/iblock/9df/9df124e6c4034b35856a3bd028bd040c.jpg;;text;/upload/iblock/e6f/e6f4308939c9ccb6ec23e1adb6b2b235.jpg;;text;lozhka_iz_serebra_s_emalyu;500;;91230063;;;;Столовое серебро;Серебро;;875;;;;;;;;;;;;Ювелирные изделия;Другое;Столовое серебро
1898;Часы карманные из белого и желтого золота с эмалью;1907;Y;;;/upload/iblock/780/7801196eb32cf6073486ccea3a1f8c9d.jpg;;text;/upload/iblock/9b5/9b510f14e4cb2870771d2ce486ded7c2.jpg;;text;chasy_karmannye_iz_belogo_i_zheltogo_zolota_s_emalyu;500;;000060;;;;Часы;Желтое золото;;585;;;;;;;;;;;;Ювелирные изделия;Часы;Карманные
1898;Часы карманные из белого и желтого золота с эмалью;1907;Y;;;/upload/iblock/780/7801196eb32cf6073486ccea3a1f8c9d.jpg;;text;/upload/iblock/9b5/9b510f14e4cb2870771d2ce486ded7c2.jpg;;text;chasy_karmannye_iz_belogo_i_zheltogo_zolota_s_emalyu;500;;000060;;;;Часы;Белое золото;;585;;;;;;;;;;;;Ювелирные изделия;Часы;Карманные
1901;Часы карманные из белого золота с эмалью;1908;Y;;;/upload/iblock/59c/59cc35bdacd4c614d066fe858293f9eb.png;;text;/upload/iblock/00f/00ff4e7375ebbc3ca90e6a8d49a56883.png;;text;chasy_karmannye_iz_belogo_zolota_s_emalyu;500;;00061;;;;Часы;Белое золото;;585;;;;;;;;;;;;Ювелирные изделия;Часы;Карманные
1903;Серебряный талисман подкова;1909;Y;;;/upload/iblock/cec/cec40e08efc5f76fde874564e171d1ae.jpg;;text;/upload/iblock/6c6/6c6bcc78fa5e88ab2c657be7649d2355.jpg;;text;serebryanyy_talisman_podkova;500;;750000;;;;Сувениры;Серебро;;875;;;;;;;;;;;;Ювелирные изделия;Другое;Сувениры
1904;Часы женские наручные из белого золота с изумрудом;1910;Y;;;/upload/iblock/d50/d50fa8d1d84de271f6163599bd019764.jpg;;text;/upload/iblock/b72/b720354cb8a93383cec16310d9a66ea9.jpg;;text;chasy_zhenskie_naruchnye_iz_belogo_zolota_s_izumrudom;500;;000061;;;;Часы;Белое золото;;585;;;;;;;;;;;;Ювелирные изделия;Часы;Наручные
1910;Часы мужские наручные из желтого золота с эмалью;1911;Y;;;/upload/iblock/fc6/fc6ebbdc5fafedbf0414284944cc1b66.jpg;;text;/upload/iblock/2ae/2aed617b14ad68dfbb4436986f94b506.jpg;;text;chasy_muzhskie_naruchnye_iz_zheltogo_zolota_s_emalyu;500;;000062;;;;Часы;Желтое золото;;585;;;;;;;;;;;;Ювелирные изделия;Часы;Наручные
1913;Подвеска-шарм из серебра с фианитами;1912;Y;;;/upload/iblock/682/6829ad216f689ff91cb93e13a3f8f361.jpg;;text;/upload/iblock/3be/3bead94e75bb78acf7978457d4bc4f4b.jpg;;text;podveska_sharm_iz_serebra_s_fianitami;500;;94031604;;;;Подвески;Серебро;;875;;;;;;;;;;;;Ювелирные изделия;Подвески;Шармы
1915;Подвеска-шарм из золочёного серебра с фианитами;1913;Y;;;/upload/iblock/236/236b2e75db58feb18b8b3723d068ae4e.jpg;;text;/upload/iblock/3d2/3d2e44886009e0760b88281dd1154584.jpg;;text;podveska_sharm_iz_zolochyenogo_serebra_s_fianitami;500;;93030291;;;;Подвески;Золоченое серебро;;875;;;;;;;;;;;;Ювелирные изделия;Подвески;Шармы
1916;Часы мужские наручные из розового золота;1914;Y;;;/upload/iblock/9e6/9e6a2f934be9d408545f0c7ff2cc8927.jpg;;text;/upload/iblock/4aa/4aae810b3e78db21d7a2e573398fd5e3.jpg;;text;chasy_muzhskie_naruchnye_iz_rozovogo_zolota;500;;000065;;;;Часы;Розовое золото;;585;;;;;;;;;;;;Ювелирные изделия;Часы;Наручные
1919;Шарм Сердечко из белого золота с кубиком циркония;1915;Y;;;/upload/iblock/452/4527626d280d4efbcecb9f928e5a715c.png;;text;/upload/iblock/d69/d690a8e3cceb99e2b092337c1ce6ce09.png;;text;sharm_serdechko_iz_belogo_zolota_s_kubikom_tsirkoniya;500;;3747071;;;;Подвески;Белое золото;;585;;;;;;;;;;;;Ювелирные изделия;Подвески;Шармы
1921;Серебряный шарм Мишка;1916;Y;;;/upload/iblock/e22/e220e7f454f2da293596c9a8b1c13295.png;;text;/upload/iblock/d88/d88dbf04e89b0499e12330090a54257e.png;;text;serebryanyy_sharm_mishka;500;;3747098;;;;Подвески;Серебро;;875;;;;;;;;;;;;Ювелирные изделия;Подвески;Шармы
1922;Часы женские наручные из желтого и белого золота;1917;Y;;;/upload/iblock/b46/b460070d5ebab5ec162fe87b7db75ce6.jpg;;text;/upload/iblock/282/2828d5396c2aa84389729ac7158b3e6d.jpg;;text;chasy_zhenskie_naruchnye_iz_zheltogo_i_belogo_zolota;500;;000069;;;;Часы;Желтое золото;;585;;;;;;;;;;;;Ювелирные изделия;Часы;Наручные
1922;Часы женские наручные из желтого и белого золота;1917;Y;;;/upload/iblock/b46/b460070d5ebab5ec162fe87b7db75ce6.jpg;;text;/upload/iblock/282/2828d5396c2aa84389729ac7158b3e6d.jpg;;text;chasy_zhenskie_naruchnye_iz_zheltogo_i_belogo_zolota;500;;000069;;;;Часы;Белое золото;;585;;;;;;;;;;;;Ювелирные изделия;Часы;Наручные
1926;"Серебряный кулон буквы ""А""";1918;Y;;;/upload/iblock/089/08991b96867b6c9b71e265b23d319a89.jpg;;text;/upload/iblock/bea/bea03ef55b45069bc6b91c7114583afb.jpg;;text;serebryanyy_kulon_bukvy_a;500;;94031364;;;;Подвески;Серебро;;875;;;;;;;;;;;;Ювелирные изделия;Подвески;Подвески-буквы
1929;Подвеска-буква из золота с топазом;1919;Y;;;/upload/iblock/204/2046b59993da037ebbc9b18f48405d6b.jpg;;text;/upload/iblock/891/8916566f626178de18837ff45103a8aa.jpg;;text;podveska_bukva_iz_zolota_s_topazom;500;;731295;;;;Подвески;Желтое золото;;585;;;;;;;;;;;;Ювелирные изделия;Подвески;Подвески-буквы
1932;Подвеска-буква из красного золота;1920;Y;;;/upload/iblock/617/6178c6c077c6c054b71a6c15fd0afc2a.png;;text;/upload/iblock/d6f/d6f4166255850272175ff4a1f6945e31.png;;text;podveska_bukva_iz_krasnogo_zolota;500;;364571;;;;Подвески;Красное золото;;585;;;;;;;;;;;;Ювелирные изделия;Подвески;Подвески-буквы
1933;Часы женские из белого золота с бриллиантами;1921;Y;;;/upload/iblock/b34/b349fa5f2ec01a48e02c8754df2d03ed.jpg;;text;/upload/iblock/09e/09ebbd34cb29b579660256a50f4c8db5.jpg;;text;chasy_zhenskie_iz_belogo_zolota_s_brilliantami;500;;000066;;;;Часы;Белое золото;3.3000;583;;;;;;;;;;1.0000;5.0000;Ювелирные изделия;Часы;Наручные
1945;Подвеска-буква из серебра;1922;Y;;;/upload/iblock/e5f/e5f302fcab80636dbb0c0b09f6fc6ca8.jpg;;text;/upload/iblock/6c7/6c71f4aa44fc390b991f78dd994d1fb9.jpg;;text;podveska_bukva_iz_serebra;500;;94031432;;;;Подвески;Серебро;;875;;;;;;;;;;;;Ювелирные изделия;Подвески;Подвески-буквы
1947;Крест из серебра;1923;Y;;;/upload/iblock/5a0/5a093948edb3f1ffc1f9d334c79bda25.jpg;;text;/upload/iblock/900/900c39429033b9878ee12b8f8330f637.jpg;;text;krest_iz_serebra;500;;94120138;;;;Подвески;Серебро;;585;;;;;;;;;;;;Ювелирные изделия;Подвески;Кресты
1949;Крест из белого и красного золота сфианитами;1924;Y;;;/upload/iblock/7d2/7d2fbc04394095a931188fb901cec3a1.jpg;;text;/upload/iblock/2eb/2ebd1c2128829b2b4d789c1fa5cf842f.jpg;;text;krest_iz_belogo_i_krasnogo_zolota_sfianitami;500;;0800169;;;;Подвески;Белое золото;;585;;;;;;;;;;;;Ювелирные изделия;Подвески;Кресты
1949;Крест из белого и красного золота сфианитами;1924;Y;;;/upload/iblock/7d2/7d2fbc04394095a931188fb901cec3a1.jpg;;text;/upload/iblock/2eb/2ebd1c2128829b2b4d789c1fa5cf842f.jpg;;text;krest_iz_belogo_i_krasnogo_zolota_sfianitami;500;;0800169;;;;Подвески;Красное золото;;585;;;;;;;;;;;;Ювелирные изделия;Подвески;Кресты
1952;Крест из золота с фианитами;1925;Y;;;/upload/iblock/8e5/8e5d7dca75311ed9c052fdf12f5f693b.png;;text;/upload/iblock/f07/f07d9e7d7368e749626008e721408942.png;;text;krest_iz_zolota_s_fianitami;500;;334993;;;;Подвески;Желтое золото;;585;;;;;;;;;;;;Ювелирные изделия;Подвески;Кресты
1952;Крест из золота с фианитами;1925;Y;;;/upload/iblock/8e5/8e5d7dca75311ed9c052fdf12f5f693b.png;;text;/upload/iblock/f07/f07d9e7d7368e749626008e721408942.png;;text;krest_iz_zolota_s_fianitami;500;;334993;;;;Подвески;Белое золото;;585;;;;;;;;;;;;Ювелирные изделия;Подвески;Кресты
1955;Ажурный крест из золота с фианитами;1926;Y;;;/upload/iblock/171/171157f4a932e8bf789b7ebde550e86a.jpg;;text;/upload/iblock/c33/c336263df101e4341dea4a48b5fd7bf6.jpg;;text;azhurnyy_krest_iz_zolota_s_fianitami;500;;121297;;;;Подвески;Желтое золото;;585;;;;;;;;;;;;Ювелирные изделия;Подвески;Кресты
1955;Ажурный крест из золота с фианитами;1926;Y;;;/upload/iblock/171/171157f4a932e8bf789b7ebde550e86a.jpg;;text;/upload/iblock/c33/c336263df101e4341dea4a48b5fd7bf6.jpg;;text;azhurnyy_krest_iz_zolota_s_fianitami;500;;121297;;;;Подвески;Белое золото;;585;;;;;;;;;;;;Ювелирные изделия;Подвески;Кресты
1956;Бокс из велюра для украшений;1927;Y;;;/upload/iblock/e33/e33b0f4081a045998c16dfe3b9b62988.jpg;;text;/upload/iblock/e52/e5290244d742ac0543bb5b72bb09a4ea.jpg;;text;boks_velurovij_dlya_ukrasheniy;500;;000070;;;;Упаковки;;;;;;;;;;;;;;;Ювелирные изделия;Упаковки;Боксы
1958;Золотой крест;1928;Y;;;/upload/iblock/c6e/c6eb7778b88c495b36e444a39239e718.png;;text;/upload/iblock/016/0166120d6a89b95cc6915bcc15c4f082.png;;text;zolotoy_krest;500;;330044;;;;Подвески;Желтое золото;;585;;;;;;;;;;;;Ювелирные изделия;Подвески;Кресты
1958;Золотой крест;1928;Y;;;/upload/iblock/c6e/c6eb7778b88c495b36e444a39239e718.png;;text;/upload/iblock/016/0166120d6a89b95cc6915bcc15c4f082.png;;text;zolotoy_krest;500;;330044;;;;Подвески;Белое золото;;585;;;;;;;;;;;;Ювелирные изделия;Подвески;Кресты
1959;Бокс из дерева для украшений;1929;Y;;;/upload/iblock/2e0/2e0d2dd34e8c5ce8c647672b4c303a2e.jpg;;text;/upload/iblock/fab/fab5bbaa638f26f5bf499a7ee6e35cb1.jpg;;text;boks_derevyannyy_dlya_ukrasheniy;500;;000071;;;;Упаковки;;;;;;;;;;;;;;;Ювелирные изделия;Упаковки;Боксы
1961;Иконка из серебра с алмазной гранью и лазерной обработкой;1930;Y;;;/upload/iblock/4d4/4d40468cc6ed20cb98f770d4592c6b6b.jpg;;text;/upload/iblock/448/448572382d337a652afe4d846af088b1.jpg;;text;ikonka_iz_serebra_s_almaznoy_granyu_i_lazernoy_obrabotkoy;500;;94100254;;;;Подвески;Серебро;;875;;;;;;;;;;;;Ювелирные изделия;Подвески;Иконки
1962;Бокс из кожи для украшений;1931;Y;;;/upload/iblock/904/904e4c7659300608c8b3833dd008a60d.jpg;;text;/upload/iblock/50d/50d656831861043c050daf81b0ea67fa.jpg;;text;boks_kozhanyy_dlya_ukrasheniy;500;;000072;;;;Упаковки;;;;;;;;;;;;;;;Ювелирные изделия;Упаковки;Боксы
1964;Иконка из красного золота;1932;Y;;;/upload/iblock/2b4/2b4ca98af8e01c814c3fbfc7c86642e7.jpg;;text;/upload/iblock/215/215fb1cb955354ccbadc252237d6ee9f.jpg;;text;ikonka_iz_krasnogo_zolota;500;;0810006;;;;Подвески;Красное золото;;585;;;;;;;;;;;;Ювелирные изделия;Подвески;Иконки
1965;Бокс для хранения украшений;1933;Y;;;/upload/iblock/e3b/e3bb68025c9cfbd28d4544f3cc256ff5.jpg;;text;/upload/iblock/36e/36e70f54ed5860b3b1b941596889f5b2.jpg;;text;boks_dlya_khraneniya_ukrasheniy;500;;000073;;;;Упаковки;;;;;;;;;;;;;;;Ювелирные изделия;Упаковки;Боксы
1967;Иконка из золота с алмазной гранью и лазерной обработкой;1934;Y;;;/upload/iblock/57e/57ea2f8ece68d4eaff973ba0d4bc9f36.jpg;;text;/upload/iblock/a65/a652d62c9305cc82884d4a2b9e57af14.jpg;;text;ikonka_iz_zolota_s_almaznoy_granyu_i_lazernoy_obrabotkoy;500;;103371;;;;Подвески;Желтое золото;;585;;;;;;;;;;;;Ювелирные изделия;Подвески;Иконки
1967;Иконка из золота с алмазной гранью и лазерной обработкой;1934;Y;;;/upload/iblock/57e/57ea2f8ece68d4eaff973ba0d4bc9f36.jpg;;text;/upload/iblock/a65/a652d62c9305cc82884d4a2b9e57af14.jpg;;text;ikonka_iz_zolota_s_almaznoy_granyu_i_lazernoy_obrabotkoy;500;;103371;;;;Подвески;Белое золото;;585;;;;;;;;;;;;Ювелирные изделия;Подвески;Иконки
1969;Иконка из серебра с лазерной обработкой;1935;Y;;;/upload/iblock/f5d/f5d9436e952d23fd69839ce0ec83320e.jpg;;text;/upload/iblock/ea6/ea67e379abadff6960b0d44df757a098.jpg;;text;ikonka_iz_serebra_s_lazernoy_obrabotkoy;500;;94100252;;;;Подвески;Серебро;3.2000;875;;;;;;;;;;1.0000;4.0000;Ювелирные изделия;Подвески;Иконки
1970;Картонная упаковка-оригами для украшений;1936;Y;;;/upload/iblock/73f/73fec5c4ae56302964e3a9882f5e936d.jpg;;text;/upload/iblock/d65/d659bea3e7348d0488a6be1b8764efa5.jpg;;text;kartonnaya_upakovka_origami_dlya_ukrasheniy;500;;000074;;;;Упаковки;;;;;;;;;;;;;;;Ювелирные изделия;Упаковки;Картонные
1972;Иконка из золота с лазерной обработкой с фианитами;1937;Y;;;/upload/iblock/815/81570fa71361411964d1aa6ef75ce025.jpg;;text;/upload/iblock/774/774f7af4b92f22296838d444a3918377.jpg;;text;ikonka_iz_zolota_s_lazernoy_obrabotkoy_s_fianitami;500;;104108;;;;Подвески;Желтое золото;3.2000;585;;;;;;;;;;1.0000;4.0000;Ювелирные изделия;Подвески;Иконки
1972;Иконка из золота с лазерной обработкой с фианитами;1937;Y;;;/upload/iblock/815/81570fa71361411964d1aa6ef75ce025.jpg;;text;/upload/iblock/774/774f7af4b92f22296838d444a3918377.jpg;;text;ikonka_iz_zolota_s_lazernoy_obrabotkoy_s_fianitami;500;;104108;;;;Подвески;Белое золото;3.2000;585;;;;;;;;;;1.0000;4.0000;Ювелирные изделия;Подвески;Иконки
1973;Картонная упаковка-пакет для украшений;1938;Y;;;/upload/iblock/3d9/3d90680a22b2fd4cfcb3f8e3f77be09f.jpeg;;text;/upload/iblock/b19/b19044784c9beacb22a297a9062dc9b4.jpeg;;text;kartonnaya_upakovka_paket_dlya_ukrasheniy;500;;000075;;;;Упаковки;;;;;;;;;;;;;;;Ювелирные изделия;Упаковки;Картонные
1974;Картонная упаковка для украшений;1939;Y;;;/upload/iblock/a4c/a4ccc4f4b628e0bd90f3bf2d29b91966.jpg;;text;/upload/iblock/6ff/6ff918fbe0ab90f510c862dce37bb375.jpg;;text;kartonnaya_upakovka_dlya_ukrasheniy;500;;000076;;;;Упаковки;;;;;;;;;;;;;;;Ювелирные изделия;Упаковки;Картонные
1977;Подвеска знак зодиака из серебра с фианитами;1940;Y;;;/upload/iblock/a98/a98dbd2303409a3b6ef4bd7403701d2b.jpg;;text;/upload/iblock/ff0/ff09c0fbe5f3613debd276cdee805a37.jpg;;text;podveska_znak_zodiaka_iz_serebra_s_fianitami;500;;94031394;;;;Подвески;Серебро;;875;;;;;;;;;;;;Ювелирные изделия;Подвески;Знаки зодиака
1979;Подвеска знак зодиака из красного золота;1941;Y;;;/upload/iblock/7e6/7e6b19e1c3ff54058623e69e4eaae481.jpg;;text;/upload/iblock/c34/c34cd67ad723b28c900b1e468b807966.jpg;;text;podveska_znak_zodiaka_iz_krasnogo_zolota;500;;0910005;;;;Подвески;Красное золото;;585;;;;;;;;;;;;Ювелирные изделия;Подвески;Знаки зодиака
1982;Подвеска знак зодиака из золота;1942;Y;;;/upload/iblock/bdb/bdb22cd8a7987338073a66cdf1c9b2c6.png;;text;/upload/iblock/856/856190459f7f57c869a4339085333407.png;;text;podveska_znak_zodiaka_iz_zolota;500;;3519805;;;;Подвески;Желтое золото;;585;;;;;;;;;;;;Ювелирные изделия;Подвески;Знаки зодиака
1982;Подвеска знак зодиака из золота;1942;Y;;;/upload/iblock/bdb/bdb22cd8a7987338073a66cdf1c9b2c6.png;;text;/upload/iblock/856/856190459f7f57c869a4339085333407.png;;text;podveska_znak_zodiaka_iz_zolota;500;;3519805;;;;Подвески;Белое золото;;585;;;;;;;;;;;;Ювелирные изделия;Подвески;Знаки зодиака
1985;Подвеска знак зодиака из золота с фианитами;1943;Y;;;/upload/iblock/251/25179b11328e5d6b3d6f605e229c8754.jpg;;text;/upload/iblock/199/1997e41954dd3212f7f267ccf5e7b9d1.jpg;;text;podveska_znak_zodiaka_iz_zolota_s_fianitami;500;;034718;;;;Подвески;Желтое золото;;585;;;;;;;;;;;;Ювелирные изделия;Подвески;Знаки зодиака
1985;Подвеска знак зодиака из золота с фианитами;1943;Y;;;/upload/iblock/251/25179b11328e5d6b3d6f605e229c8754.jpg;;text;/upload/iblock/199/1997e41954dd3212f7f267ccf5e7b9d1.jpg;;text;podveska_znak_zodiaka_iz_zolota_s_fianitami;500;;034718;;;;Подвески;Белое золото;;585;;;;;;;;;;;;Ювелирные изделия;Подвески;Знаки зодиака
1988;Подвеска знак зодиака из красного и белого золота с фианитами;1944;Y;;;/upload/iblock/252/2520612fed91fe8a35f56d8c40f39182.jpg;;text;/upload/iblock/c16/c16c949a1a692018b2614d7347e98643.jpg;;text;podveska_znak_zodiaka_iz_krasnogo_i_belogo_zolota_s_fianitami;500;;0900028;;;;Подвески;Белое золото;;585;;;;;;;;;;;;Ювелирные изделия;Подвески;Знаки зодиака
1988;Подвеска знак зодиака из красного и белого золота с фианитами;1944;Y;;;/upload/iblock/252/2520612fed91fe8a35f56d8c40f39182.jpg;;text;/upload/iblock/c16/c16c949a1a692018b2614d7347e98643.jpg;;text;podveska_znak_zodiaka_iz_krasnogo_i_belogo_zolota_s_fianitami;500;;0900028;;;;Подвески;Красное золото;;585;;;;;;;;;;;;Ювелирные изделия;Подвески;Знаки зодиака
1990;Подвеска из серебра с фианитами;1945;Y;;;/upload/iblock/6b5/6b55e47126f32524d6b56780ed422e6e.jpg;;text;/upload/iblock/9bd/9bd8bf86a3a406262b321df7cc4ff19a.jpg;;text;podveska_iz_serebra_s_fianitami;500;;94031634;;;;Подвески;Серебро;;875;;;;;;;;;;;;Ювелирные изделия;Подвески;Амулеты
1994;Амулет из золота с бриллиантами;1946;Y;;;/upload/iblock/aa9/aa93c1805926ae501015a386e283fd9e.jpg;;text;/upload/iblock/674/67464ba7e0b8561a8b8fe55bde1d4569.jpg;;text;amulet_iz_zolota_s_brilliantami;500;;0400356;;;;Подвески;Желтое золото;;585;;;;;;;;;;;;Ювелирные изделия;Подвески;Амулеты
1994;Амулет из золота с бриллиантами;1946;Y;;;/upload/iblock/aa9/aa93c1805926ae501015a386e283fd9e.jpg;;text;/upload/iblock/674/67464ba7e0b8561a8b8fe55bde1d4569.jpg;;text;amulet_iz_zolota_s_brilliantami;500;;0400356;;;;Подвески;Белое золото;;585;;;;;;;;;;;;Ювелирные изделия;Подвески;Амулеты
1997;Подвеска из золота со вставкой из бриллианта;1947;Y;;;/upload/iblock/bb1/bb165fcf881937d5d58e8e4b48ebee9a.png;;text;/upload/iblock/de5/de55ce404225857cd04ea551076c3dc3.png;;text;podveska_iz_zolota_so_vstavkoy_iz_brillianta;500;;3436444;;;;Подвески;Желтое золото;;585;;;;;;;;;;;;Ювелирные изделия;Подвески;Амулеты
1997;Подвеска из золота со вставкой из бриллианта;1947;Y;;;/upload/iblock/bb1/bb165fcf881937d5d58e8e4b48ebee9a.png;;text;/upload/iblock/de5/de55ce404225857cd04ea551076c3dc3.png;;text;podveska_iz_zolota_so_vstavkoy_iz_brillianta;500;;3436444;;;;Подвески;Белое золото;;585;;;;;;;;;;;;Ювелирные изделия;Подвески;Амулеты
2000;Подвеска из красного и белого золота с бриллиантами;1948;Y;;;/upload/iblock/8a0/8a0e686df630c7d2f9db67ea762d4653.jpg;;text;/upload/iblock/7ef/7effda3e2cf140a165b2984fed2fd012.jpg;;text;podveska_iz_krasnogo_i_belogo_zolota_s_brilliantami;500;;1301013;;;;Подвески;Белое золото;;;;;;;;;;;;;;Ювелирные изделия;Подвески;Амулеты
2000;Подвеска из красного и белого золота с бриллиантами;1948;Y;;;/upload/iblock/8a0/8a0e686df630c7d2f9db67ea762d4653.jpg;;text;/upload/iblock/7ef/7effda3e2cf140a165b2984fed2fd012.jpg;;text;podveska_iz_krasnogo_i_belogo_zolota_s_brilliantami;500;;1301013;;;;Подвески;Красное золото;;;;;;;;;;;;;;Ювелирные изделия;Подвески;Амулеты
2001;Картонная упаковка-прамидка для украшений;1949;Y;;;/upload/iblock/124/12442fce06ee3234962e6673ac3a4ffb.jpg;;text;/upload/iblock/6df/6df09b1172e6d4e55dff273b8ae8d387.jpg;;text;kartonnaya_upakovka_pramidka_dlya_ukrasheniy;500;;000076;;;;Упаковки;;;;;;;;;;;;;;;Ювелирные изделия;Упаковки;Картонные
2004;Подвеска из желтого и белого золота с бриллиантами;1950;Y;;;/upload/iblock/915/915c981366df0dd6458c2749f0d7649b.jpg;;text;/upload/iblock/ae8/ae802f84a8e3b771425454d1408c469d.jpg;;text;podveska_iz_zheltogo_i_belogo_zolota_s_brilliantami;500;;630101;;;;Подвески;Желтое золото;;585;;;;;;;;;;;;Ювелирные изделия;Подвески;Амулеты
2004;Подвеска из желтого и белого золота с бриллиантами;1950;Y;;;/upload/iblock/915/915c981366df0dd6458c2749f0d7649b.jpg;;text;/upload/iblock/ae8/ae802f84a8e3b771425454d1408c469d.jpg;;text;podveska_iz_zheltogo_i_belogo_zolota_s_brilliantami;500;;630101;;;;Подвески;Белое золото;;585;;;;;;;;;;;;Ювелирные изделия;Подвески;Амулеты
2005;Упаковка-кассета из кожи для украшений;1951;Y;;;/upload/iblock/f82/f82d1330e7a6266532450b04e8207227.jpg;;text;/upload/iblock/ba9/ba9a5aeb222c41f3dc233a3a59565a78.jpg;;text;upakovka_kasseta_kozhanaya_dlya_ukrasheniy;500;;000079;;;;Упаковки;;;;;;;;;;;;;;;Ювелирные изделия;Упаковки;Кассеты
2006;Упаковка-кассета из картона для украшенй;1952;Y;;;/upload/iblock/167/1679e5901d59622bfc22e70014477f7d.jpg;;text;/upload/iblock/0cb/0cb395a2687d21f6d435d2e8b6004c1a.jpg;;text;upakovka_kasseta_kartonnaya_dlya_ukrasheny;500;;000080;;;;Упаковки;;;;;;;;;;;;;;;Ювелирные изделия;Упаковки;Кассеты
2010;Серьги длинные из золота с бриллиантами и корундами сапфировыми;1953;Y;;;/upload/iblock/49e/49ebfbf69549aee0a9c487f2263633a8.jpg;;text;/upload/iblock/b56/b56cd3868f7b36fa33672873fdf85dba.jpg;;text;sergi_dlinnye_iz_zolota_s_brilliantami_i_korundami_sapfirovymi;500;;6022050;;;;Серьги;Красное золото;;585;;;;;;;;;;;;Ювелирные изделия;Серьги;Длинные
2011;Упаковка-кассета из ткани для украшенй;1954;Y;;;/upload/iblock/6bf/6bf165c8571cec5451eb032ae27122e0.jpg;;text;/upload/iblock/817/817c0f558b3682687016e034943820b0.jpg;;text;upakovka_kasseta_tkanevaya_dlya_ukrasheny;500;;000082;;;;Упаковки;;;;;;;;;;;;;;;Ювелирные изделия;Упаковки;Кассеты
2014;Длинные серьги из золота с фианитами;1955;Y;;;/upload/iblock/f88/f8831f9c444ab673e936c607b1756bf8.jpg;;text;/upload/iblock/e7b/e7bcccbc13165fc36d50aaffd35f2e7f.jpg;;text;dlinnye_sergi_iz_zolota_s_fianitami;500;;0201163;;;;Серьги;Красное золото;;585;;;;;;;;;;;;Ювелирные изделия;Серьги;Длинные
2015;Упаковка-кассета из картона для украшений;1956;Y;;;/upload/iblock/e47/e47c5f43fb82dda4a6854889196fbda2.jpg;;text;/upload/iblock/200/20040c59b177bc33f7dcf3a1d43cf1f0.jpg;;text;upakovka_kasseta_kartonnaya_dlya_ukrasheniy;500;;000083;;;;Упаковки;;;;;;;;;;;;;;;Ювелирные изделия;Упаковки;Кассеты
2019;Длинные серьги из желтого золота с бриллиантами и изумрудом;1957;Y;;;/upload/iblock/5bf/5bf6da3fa6293a9ae4b2f46500476c45.jpg;;text;/upload/iblock/03a/03aa5f8a536ec9714df7eddba097a2d6.jpg;;text;dlinnye_sergi_iz_zheltogo_zolota_s_brilliantami_i_izumrudom;500;;2402012;;;;Серьги;Желтое золото;;585;;;;;;;;;;;;Ювелирные изделия;Серьги;Длинные
2021;Серьги длинные из золота с топазами;1958;Y;;;/upload/iblock/ab8/ab8931e3a73d28fbc7ac617766157c7f.jpg;;text;/upload/iblock/6cd/6cdf4e230db5c6f7114514733615d685.jpg;;text;sergi_dlinnye_iz_zolota_s_topazami;500;; 724459;;;;Серьги;Красное золото;;585;;;;;;;;;;;;Ювелирные изделия;Серьги;Длинные
2022;Упаковка-мешочек прозрачная для украшений;1959;Y;;;/upload/iblock/a33/a33506bb68857dd6aadfc85b1eb7b274.jpg;;text;/upload/iblock/3d4/3d478fa227482b313f871271928c5c62.jpg;;text;upakovka_meshochek_prozrachnaya_dlya_ukrasheniy;500;;000088;;;;Упаковки;;;;;;;;;;;;;;;Ювелирные изделия;Упаковки;Мешочек
2024;Длинные серьги из белого золота;1960;Y;;;/upload/iblock/f15/f15a0fb94879cea838fa5c362a0836d2.png;;text;/upload/iblock/d48/d486f63946618e3e37be4a5898ba91a7.png;;text;dlinnye_sergi_iz_belogo_zolota;500;;2504831;;;;Серьги;Белое золото;;585;;;;;;;;;;;;Ювелирные изделия;Серьги;Длинные
2025;Упаковка-мешочек мужская из велюра для украшений;1961;Y;;;/upload/iblock/275/275bd7b6e2dc70497d7c68553b28c12f.jpg;;text;/upload/iblock/d5f/d5fb8c4fc63e42e1ec6a5cb14e1569da.jpg;;text;upakovka_meshochek_muzhskaya_velyurovaya_dlya_ukrasheniy;500;;000090;;;;Упаковки;;;;;;;;;;;;;;;Ювелирные изделия;Упаковки;Мешочек
2029;Кафф из серебра с фианитами;1962;Y;;;/upload/iblock/703/7036715a7d13acde2bfbf2898390005b.jpg;;text;/upload/iblock/419/4192f72ea57cb6f2305e990a3f44b309.jpg;;text;kaff_iz_serebra_s_fianitami;500;;94170022;;;;Серьги;Серебро;;925;;;;;;;;;;;;Ювелирные изделия;Серьги;Каффы
2030;Упаковка-мешочек из хлопка для украшений;1963;Y;;;/upload/iblock/947/947eeb29f495dd9dc2dd081bc9203ca8.jpg;;text;/upload/iblock/470/47080c47eaa601b3e8ca420f4757c42c.jpg;;text;upakovka_meshochek_khlopkovyy_dlya_ukrasheniy;500;;000091;;;;Упаковки;;;;;;;;;;;;;;;Ювелирные изделия;Упаковки;Мешочек
2033;Кафф из золочёного серебра с фианитами;1964;Y;;;/upload/iblock/49d/49dada52023784c877c066fc65240715.jpg;;text;/upload/iblock/bc8/bc8c160f3d5c8253042de2b599f06dad.jpg;;text;kaff_iz_zolochyenogo_serebra_s_fianitami;500;; 93170005;;;;Серьги;Золоченое серебро;;925;;;;;;;;;;;;Ювелирные изделия;Серьги;Каффы
2036;Кафф из серебра с вставками из фианита;1965;Y;;;/upload/iblock/9c1/9c13406803e0af11842015071724cdfb.jpg;;text;/upload/iblock/387/3870e0ada6ad5274c2867262a27ff2aa.jpg;;text;kaff_iz_serebra_s_vstavkami_iz_fianita;500;;94170023;;да;;Серьги;Серебро;;925;;;;;;;;;;;;Ювелирные изделия;Серьги;Каффы
2037;Упаковка-мешочек новогодний для украшений;1966;Y;;;/upload/iblock/480/4806db2407685760eb1827a752b51724.jpg;;text;/upload/iblock/404/404d70fde027747afb657365bf9c0ad8.jpg;;text;upakovka_meshochek_novogodniy_dlya_ukrasheniy;500;;000093;;;;Упаковки;;;;;;;;;;;;;;;Ювелирные изделия;Упаковки;Мешочек
2038;Упаковка-планшет из ожи для украшений;1967;Y;;;/upload/iblock/4e0/4e05cfe361f37b15aabab551ad127f63.jpg;;text;/upload/iblock/8d6/8d643c90178e2a5b61533d5468d907d5.jpg;;text;upakovka_planshet_iz_ozhi_dlya_ukrasheniy;500;;000094;;;;Упаковки;;;;;;;;;;;;;;;Ювелирные изделия;Упаковки;Планшеты
2040;Кафф из золочёного серебра с эмалью и фианитом;1968;Y;;;/upload/iblock/324/32415158a1af8e62806bba5610167ef5.jpg;;text;/upload/iblock/342/3420739ab78f6195e11ebe6c21c3e4d2.jpg;;text;kaff_iz_zolochyenogo_serebra_s_emalyu_i_fianitom;500;;93170007;;;;Серьги;Золоченое серебро;;925;;;;;;;;;;;;Ювелирные изделия;Серьги;Каффы
2042;Серебряный кафф с фианитами;1969;Y;;;/upload/iblock/c48/c48dc577941fade7f5a0442ed0540919.jpg;;text;/upload/iblock/5da/5da55aceab117023abc00cdac5baf6d3.jpg;;text;serebryanyy_kaff_s_fianitami;500;;94170052;;;;Серьги;Серебро;;925;;;;;;;;;;;;Ювелирные изделия;Серьги;Каффы
2043;Упаковка-планшет для украшений;1970;Y;;;/upload/iblock/0da/0daa0cb2f54fe95d0fb1cfbf4b392ea7.jpg;;text;/upload/iblock/14e/14e0b91956874824a1c4c6a85600b90a.jpg;;text;upakovka_planshet_dlya_ukrasheniy;500;;000095;;;;Упаковки;;;;;;;;;;;;;;;Ювелирные изделия;Упаковки;Планшеты
2045;Серьги-цепочки из золота;1971;Y;;;/upload/iblock/d1c/d1c1f5bec61689e91eb2499870dac284.jpg;;text;/upload/iblock/b11/b116127f57366b9a3dc9ed0e7c2f2196.jpg;;text;sergi_tsepochki_iz_zolota;500;;026841;;;;Серьги;Красное золото;;585;;;;;;;;;;;;Ювелирные изделия;Серьги;Серьги-цепочки
2046;Упаковка-планшет из кожи для украшений;1972;Y;;;/upload/iblock/ad2/ad2141d5d6d4bd2e40490f0d25cbce34.jpg;;text;/upload/iblock/bb9/bb917ba1a51a67bfafb651f07ee75b7c.jpg;;text;upakovka_planshet_iz_kozhi_dlya_ukrasheniy;500;;000096;;;;Упаковки;;;;;;;;;;;;;;;Ювелирные изделия;Упаковки;Планшеты
2048;Серьги-цепочки из красного золота;1973;Y;;;/upload/iblock/e32/e327518fb980e2f56be4857bc2444857.png;;text;/upload/iblock/045/045a1b0352f7a21d3f6c38b81bec830e.png;;text;sergi_tsepochki_iz_krasnogo_zolota;500;;2504794;;;;Серьги;Красное золото;;585;;;;;;;;;;;;Ювелирные изделия;Серьги;Серьги-цепочки
2049;Упаковка-планшет мужская из кож для украшений;1974;Y;;;/upload/iblock/242/242f3086941fdb24eb788d58f36c7991.jpg;;text;/upload/iblock/d95/d9597120c8c9a82190122e1e302a5337.jpg;;text;upakovka_planshet_muzhskaya_iz_kozh_dlya_ukrasheniy;500;;000097;;;;Упаковки;;3.1100;;;;;;;;;;;1.0000;3.0000;Ювелирные изделия;Упаковки;Планшеты
2051;Серьги из золота;1975;Y;;;/upload/iblock/f7d/f7d31540fc7cf396b55bedfa28bab99f.png;;text;/upload/iblock/192/1925acc4db7c4733780dfb96a1fd81be.png;;text;sergi_iz_zolota;500;;2500103;;;;Серьги;Красное золото;;585;;;;;;;;;;;;Ювелирные изделия;Серьги;Серьги-цепочки
2052;Сахарница из серебра;1976;Y;;;/upload/iblock/17a/17a00c822ddbf8f012dbcc8b37173bc3.jpg;;text;/upload/iblock/7d9/7d97bb9b09400ee1eb203989d54f8206.jpg;;text;sakharnitsa_iz_serebra;500;;000099;;;;Столовое серебро;Серебро;;875;;;;;;;;;;;;Ювелирные изделия;Другое;Столовое серебро
2054;Золотые серьги-цепочки;1977;Y;;;/upload/iblock/56f/56f2854962c207e7fa66832fea3463e5.jpg;;text;/upload/iblock/85e/85ef9cc004089693154d7abe001658cb.jpg;;text;zolotye_sergi_tsepochki;500;;026846;;;;Серьги;Красное золото;;585;;;;;;;;;;;;Ювелирные изделия;Серьги;Серьги-цепочки
2055;Набор столовых приборов из серебра;1978;Y;;;/upload/iblock/e21/e216ff9f60dacdd6b853667fc99c78be.jpg;;text;/upload/iblock/a5c/a5c5706fbdebb4ebca93bc244be5bd2d.jpg;;text;nabor_stolovykh_priborov_iz_serebra;500;;000100;;;;Столовое серебро;Серебро;3.2000;875;;;;;;;;;;1.0000;4.0000;Ювелирные изделия;Другое;Столовое серебро
2057;Серьги-цепочки из золота с фианитами;1979;Y;;;/upload/iblock/84f/84fde7fcf63c1f292991201baf985106.jpg;;text;/upload/iblock/018/018e665091c8d07dabb6e76dfb9e2f23.jpg;;text;sergi_tsepochki_iz_zolota_s_fianitami;500;;024796;;;;Серьги;Красное золото;;585;;;;;;;;;;;;Ювелирные изделия;Серьги;Серьги-цепочки
2058;"Сувенир-статуэтка ""Денежное дерево"" из желтого золота";1980;Y;;;/upload/iblock/be6/be6fd552d6923a5ce0bd2ab15d140699.jpg;;text;/upload/iblock/468/4682e5f38ebebfc6776be3d8c4a06bd0.jpg;;text;suvenir_statuetka_denezhnoe_derevo_iz_zheltogo_zolota;500;;000101;;;;Сувениры;Желтое золото;;585;;;;;;;;;;;;Ювелирные изделия;Другое;Сувениры
2060;Серьги-конго из красного и белого золота;1981;Y;;;/upload/iblock/db3/db3c48b13e8ecc479b48a412ea1ea337.jpg;;text;/upload/iblock/e6c/e6c614e4c240a9b2f6fb4d31c1adafe3.jpg;;text;sergi_kongo_iz_krasnogo_i_belogo_zolota;500;;0230001;;;;Серьги;Белое золото;;585;;;;;;;;;;;;Ювелирные изделия;Серьги;Конго
2060;Серьги-конго из красного и белого золота;1981;Y;;;/upload/iblock/db3/db3c48b13e8ecc479b48a412ea1ea337.jpg;;text;/upload/iblock/e6c/e6c614e4c240a9b2f6fb4d31c1adafe3.jpg;;text;sergi_kongo_iz_krasnogo_i_belogo_zolota;500;;0230001;;;;Серьги;Красное золото;;585;;;;;;;;;;;;Ювелирные изделия;Серьги;Конго
2061;"Сувенир-статуэтка ""Орел"" из белого и желтого золота на деревянной подставке";1982;Y;;;/upload/iblock/872/8721c74c4d7286c78449cc4de55f1de9.jpg;;text;/upload/iblock/446/446d2323c8ba86cdd8bd70e0e730dc52.jpg;;text;suvenir_statuetka_orel_iz_belogo_i_zheltogo_zolota_na_derevyannoy_podstavke;500;;000102;;;;Сувениры;Желтое золото;;585;;;;;;;;;;;;Ювелирные изделия;Другое;Сувениры
2061;"Сувенир-статуэтка ""Орел"" из белого и желтого золота на деревянной подставке";1982;Y;;;/upload/iblock/872/8721c74c4d7286c78449cc4de55f1de9.jpg;;text;/upload/iblock/446/446d2323c8ba86cdd8bd70e0e730dc52.jpg;;text;suvenir_statuetka_orel_iz_belogo_i_zheltogo_zolota_na_derevyannoy_podstavke;500;;000102;;;;Сувениры;Белое золото;;585;;;;;;;;;;;;Ювелирные изделия;Другое;Сувениры
2063;"Сувенир-статуэтка ""Конь"" из керамики и желтого золота";1983;Y;;;/upload/iblock/c79/c799a47767c95943d2e722f1ec59454f.jpeg;;text;/upload/iblock/4d1/4d12266d3f58ea7f340f522cde466694.jpeg;;text;suvenir_statuetka_kon_iz_keramiki_i_zheltogo_zolota;500;;000103;;да;;Сувениры;Желтое золото;3.1100;585;;;;;;;;;;1.0000;3.0000;Ювелирные изделия;Другое;Сувениры
2065;Серьги конго из комбинированного золота с алмазной гранью;1984;Y;;;/upload/iblock/2ed/2ede6739e3c477e340609d0710d82bc3.jpg;;text;/upload/iblock/786/7867ce75a5762ff5440150272f56cf18.jpg;;text;sergi_kongo_iz_kombinirovannogo_zolota_s_almaznoy_granyu;500;;020695;;;;Серьги;Белое золото;;585;;;;;;;;;;;;Ювелирные изделия;Серьги;Конго
2065;Серьги конго из комбинированного золота с алмазной гранью;1984;Y;;;/upload/iblock/2ed/2ede6739e3c477e340609d0710d82bc3.jpg;;text;/upload/iblock/786/7867ce75a5762ff5440150272f56cf18.jpg;;text;sergi_kongo_iz_kombinirovannogo_zolota_s_almaznoy_granyu;500;;020695;;;;Серьги;Красное золото;;585;;;;;;;;;;;;Ювелирные изделия;Серьги;Конго
2067;Серьги-конго из золота;1985;Y;;;/upload/iblock/191/19183b70ec122235d1507d033682eee4.png;;text;/upload/iblock/6e7/6e76f6cc4ec001943514873af98be534.png;;text;sergi_kongo_iz_zolota;500;;2210314;;;;Серьги;Красное золото;;585;;;;;;;;;;;;Ювелирные изделия;Серьги;Конго
2068;Сувенир-часы из золота и янтаря;1986;Y;;;/upload/iblock/bc9/bc9bed90859d597cd3a8a5abf565773f.jpg;;text;/upload/iblock/a39/a39ed862bc9cc31dc4d81ed886379a9a.jpg;;text;suvenir_chasy_iz_zolota_i_yantarya;500;;000104;да;;;Сувениры;Желтое золото;3.3300;585;;;;;;;;;;3.0000;12.0000;Ювелирные изделия;Другое;Сувениры
2074;Серьги-конго из красного золота;1987;Y;;;/upload/iblock/76d/76da22f28e0bfa20b3cc3207d6f2acb4.jpg;;text;/upload/iblock/1ef/1ef23215f7d85f6978abb37e3e82df82.jpg;;text;sergi_kongo_iz_krasnogo_zolota;500;;0230003;;;;Серьги;Красное золото;;585;;;;;;;;;;;;Ювелирные изделия;Серьги;Конго
2077;Серьги из золота с бриллиантами;1988;Y;;;/upload/iblock/2bf/2bf01d5b28168162fc1721c60067feb7.jpg;;text;/upload/iblock/785/785a4b2af2f30c7033be1b7b657b416e.jpg;;text;sergi_iz_zolota_s_brilliantami;500;;1020930;;;;Серьги;Красное золото;;585;;;;;;;;;;;;Ювелирные изделия;Серьги;Короткие
2080;Серьги из золота со вставками из фианита;1989;Y;;;/upload/iblock/115/1159dd9933211faff61abfb55d4f181f.png;;text;/upload/iblock/6b1/6b15f52ddc755679da2fec0c88ff1aba.png;;text;sergi_iz_zolota_so_vstavkami_iz_fianita;500;;2417158;;;;Серьги;Красное золото;;585;;;;;;;;;;;;Ювелирные изделия;Серьги;Короткие
2081;Чокеры мужские из кожи с серебряными шипами;1990;Y;;;/upload/iblock/400/400c05579ee326da704d85c057c2bb8c.jpg;;text;/upload/iblock/137/1377374d9d2e9f48cbea5ecfceceeb58.jpg;;text;chokery_muzhskie_iz_kozhi_s_serebryanymi_shipami;500;;000105;;;;Чокеры;Серебро;;875;;;;;;;;;;;;Ювелирные изделия;Для мужчин;Чокеры
2085;Серьги из красного и белого золота с бриллиантами и рубином;1991;Y;;;/upload/iblock/83b/83bf9026505c6601dbed41a46c03eb8b.jpg;;text;/upload/iblock/919/919837932bd50e15bb7cc4a2a3bf75cd.jpg;;text;sergi_iz_krasnogo_i_belogo_zolota_s_brilliantami_i_rubinom;500;;1308012;;;;Серьги;Белое золото;;585;;;;;;;;;;;;Ювелирные изделия;Серьги;Короткие
2085;Серьги из красного и белого золота с бриллиантами и рубином;1991;Y;;;/upload/iblock/83b/83bf9026505c6601dbed41a46c03eb8b.jpg;;text;/upload/iblock/919/919837932bd50e15bb7cc4a2a3bf75cd.jpg;;text;sergi_iz_krasnogo_i_belogo_zolota_s_brilliantami_i_rubinom;500;;1308012;;;;Серьги;Красное золото;;585;;;;;;;;;;;;Ювелирные изделия;Серьги;Короткие
2086;Чокеры мужские из керамики и серебра;1992;Y;;;/upload/iblock/23e/23e90a7319d65dd6789d9964f514d703.jpg;;text;/upload/iblock/746/746eeb6f2509f77297a19c029a8984ee.jpg;;text;chokery_muzhskie_iz_keramiki_i_serebra;500;;000106;;;;Чокеры;Серебро;;875;;;;;;;;;;;;Ювелирные изделия;Для мужчин;Чокеры
2086;Чокеры мужские из керамики и серебра;1992;Y;;;/upload/iblock/23e/23e90a7319d65dd6789d9964f514d703.jpg;;text;/upload/iblock/746/746eeb6f2509f77297a19c029a8984ee.jpg;;text;chokery_muzhskie_iz_keramiki_i_serebra;500;;000106;;;;Чокеры;Керамика;;875;;;;;;;;;;;;Ювелирные изделия;Для мужчин;Чокеры
2089;Чокеры из керамики и белого золота;1993;Y;;;/upload/iblock/1b7/1b7ab0ec378306854b84ad9d6d48405a.jpg;;text;/upload/iblock/0eb/0eb19eea371da33bf3128aeabf38abf7.jpg;;text;chokery_iz_keramiki_i_belogo_zolota;500;;000107;;;;Чокеры;Белое золото;;585;;;;;;;;;;;;Ювелирные изделия;Для мужчин;Чокеры
2089;Чокеры из керамики и белого золота;1993;Y;;;/upload/iblock/1b7/1b7ab0ec378306854b84ad9d6d48405a.jpg;;text;/upload/iblock/0eb/0eb19eea371da33bf3128aeabf38abf7.jpg;;text;chokery_iz_keramiki_i_belogo_zolota;500;;000107;;;;Чокеры;Керамика;;585;;;;;;;;;;;;Ювелирные изделия;Для мужчин;Чокеры
2091;Серьги из золота со вставкой из фианита;1994;Y;;;/upload/iblock/c8e/c8ee2943a449e6348f8e4a6aca8b5244.png;;text;/upload/iblock/ce4/ce4a1443a634cd1974782d4d70c26a0d.png;;text;sergi_iz_zolota_so_vstavkoy_iz_fianita;500;;2435705;;;;Серьги;Красное золото;;585;;;;;;;;;;;;Ювелирные изделия;Серьги;Короткие
2092;Чокеры из желтого золота с изумрудами;1995;Y;;;/upload/iblock/953/953b9f95d4f917c79f6dbe7f87c6155c.png;;text;/upload/iblock/908/90879af02080f6ba0a9f0645ac6578b2.png;;text;chokery_iz_zheltogo_zolota_s_izumrudami;500;;000107;;;;Чокеры;Желтое золото;;585;;;;;;;;;;;;Ювелирные изделия;Для мужчин;Чокеры
2109;Серьги из серебра с корундами сапфировыми и фианитами;1996;Y;;;/upload/iblock/232/232093c76d58436eb3cd98993f67eb78.jpg;;text;/upload/iblock/272/272cb859f6c2377b4248c810181e0bf6.jpg;;text;sergi_iz_serebra_s_korundami_sapfirovymi_i_fianitami;500;; 88020022;;;;Серьги;Серебро;;925;;;;;;;;;;;;Ювелирные изделия;Серьги;Короткие
2110;Чокеры жесткие из желтого золота;1997;Y;;;/upload/iblock/3a5/3a59774d555eb8108aa9a918b18b70a6.jpg;;text;/upload/iblock/844/8449cbcf5cd91b597b1a00aabc9e29b5.jpg;;text;chokery_zheske_iz_zheltogo_zolota;500;;000108;;;;Чокеры;Желтое золото;3.3000;585;;;;;;;;;;1.0000;5.0000;Ювелирные изделия;Для мужчин;Чокеры
2114;Серьги-пусеты из белого золота с бриллиантами и сапфирами;1998;Y;;;/upload/iblock/394/394fa78deeb613baebdb5dcc95ccbfaf.jpg;;text;/upload/iblock/427/42766bb4da4beb5652fcade71ad8fa34.jpg;;text;sergi_pusety_iz_belogo_zolota_s_brilliantami_i_sapfirami;500;;2020827;;да;;Серьги;Белое золото;;585;;;;;;;;;;;;Ювелирные изделия;Серьги;Серьги-пуссеты
2115;Розарии из серебра;1999;Y;;;/upload/iblock/d4e/d4ec2a69622cd109dbd628f1685f3a86.jpg;;text;/upload/iblock/ea9/ea9f438cf25c0317df9fe1347334e74d.jpg;;text;rozarii_iz_serebra;500;;000110;;;;Розарии;Серебро;;;;;;;;;;;;;;Ювелирные изделия;Для мужчин;Розарии
2119;Серьги-пусеты из золота с бриллиантами и сапфирами;2000;Y;;;/upload/iblock/ade/ade0ddc2bac63a5b04be696e3731476a.jpg;;text;/upload/iblock/4fb/4fb20898e59c49d0fce92ee42ad7a0c6.jpg;;text;sergi_pusety_iz_zolota_s_brilliantami_i_sapfirami;500;;2020842;;;;Серьги;Красное золото;;585;;;;;;;;;;;;Ювелирные изделия;Серьги;Серьги-пуссеты
2120;Розарии из белого, черного и желтого золота;2001;Y;;;/upload/iblock/55e/55e0b76ca5fa9028e5bd82da8f5aafd2.jpg;;text;/upload/iblock/5c1/5c163144054dffb26ebc3a40ae43202f.jpg;;text;rozarii_iz_belogo_chernogo_i_zheltogo_zolota;500;;000111;;;;Розарии;Желтое золото;;585;;;;;;;;;;;;Ювелирные изделия;Для мужчин;Розарии
2120;Розарии из белого, черного и желтого золота;2001;Y;;;/upload/iblock/55e/55e0b76ca5fa9028e5bd82da8f5aafd2.jpg;;text;/upload/iblock/5c1/5c163144054dffb26ebc3a40ae43202f.jpg;;text;rozarii_iz_belogo_chernogo_i_zheltogo_zolota;500;;000111;;;;Розарии;Белое золото;;585;;;;;;;;;;;;Ювелирные изделия;Для мужчин;Розарии
2120;Розарии из белого, черного и желтого золота;2001;Y;;;/upload/iblock/55e/55e0b76ca5fa9028e5bd82da8f5aafd2.jpg;;text;/upload/iblock/5c1/5c163144054dffb26ebc3a40ae43202f.jpg;;text;rozarii_iz_belogo_chernogo_i_zheltogo_zolota;500;;000111;;;;Розарии;Черное золото;;585;;;;;;;;;;;;Ювелирные изделия;Для мужчин;Розарии
2122;Серьги из золота с фианитами;2002;Y;;;/upload/iblock/6ce/6ce16cf60d4d97e3ac8779b89a8dca98.jpg;;text;/upload/iblock/415/415ecefe10746a4fbe242c22717702d0.jpg;;text;sergi_iz_zolota_s_fianitami;500;;6001162;;;;Серьги;Красное золото;2.9300;585;;;;;;;;;;1.0000;1.0000;Ювелирные изделия;Серьги;Серьги-пуссеты
2124;Серьги из серебра со вставками из фианита;2003;Y;;;/upload/iblock/2ca/2cac7eff1425edc7e9941f8ccdbfe2cf.png;;text;/upload/iblock/01c/01c2a4e2dbd1b6d1f007cd8d108716e9.png;;text;sergi_iz_serebra_so_vstavkami_iz_fianita;500;;213847;;;;Серьги;Серебро;;925;;;;;;;;;;;;Ювелирные изделия;Серьги;Серьги-пуссеты
2125;Розарии из белого золота и керамики;2004;Y;;;/upload/iblock/7a2/7a210c4c166149c971b0974fd9cd0d83.jpg;;text;/upload/iblock/658/65860b5ca533a5b41caf9e9980505d6a.jpg;;text;rozarii_z_belogo_zolota_i_keramiki;500;;000112;;;;Розарии;Белое золото;3.1100;585;;;;;;;;;;1.0000;3.0000;Ювелирные изделия;Для мужчин;Розарии
2125;Розарии из белого золота и керамики;2004;Y;;;/upload/iblock/7a2/7a210c4c166149c971b0974fd9cd0d83.jpg;;text;/upload/iblock/658/65860b5ca533a5b41caf9e9980505d6a.jpg;;text;rozarii_z_belogo_zolota_i_keramiki;500;;000112;;;;Розарии;Керамика;3.1100;585;;;;;;;;;;1.0000;3.0000;Ювелирные изделия;Для мужчин;Розарии
2138;Серьги-пуссеты из золота с фианитами;2005;Y;;;/upload/iblock/56a/56a1adf813b1c73a71b659580568632b.jpg;;text;/upload/iblock/9d4/9d46020b02439c45ccbd74eeeea71079.jpg;;text;sergi_pussety_iz_zolota_s_fianitami;500;;6001150;;;;Серьги;Красное золото;3.2000;585;;;;;;;;;;1.0000;4.0000;Ювелирные изделия;Серьги;Серьги-пуссеты
2139;Розарии из желтого золота и бриллиантов;2006;Y;;;/upload/iblock/179/179143c3fd8411fa1863de45e25599f8.jpg;;text;/upload/iblock/ec3/ec3afaa1e3183831262a4a3338746c33.jpg;;text;rozarii_iz_zheltogo_zolota_i_brilliantov;500;;000113;;;;Розарии;Желтое золото;3.4400;585;;;;;;;;;;2.0000;10.0000;Ювелирные изделия;Для мужчин;Розарии
2159;Розарии из белого и желтого золота;2007;Y;;;/upload/iblock/26a/26ae11f604aea99db941bb28c8eff70e.jpg;;text;/upload/iblock/7e2/7e24720fb480f8d15ebf28094d277103.jpg;;text;rozarii_iz_belogo_i_zheltogo_zolota;500;;000114;да;да;;Розарии;Желтое золото;3.2000;585;;;;;;;;;;1.0000;4.0000;Ювелирные изделия;Для мужчин;Розарии
2159;Розарии из белого и желтого золота;2007;Y;;;/upload/iblock/26a/26ae11f604aea99db941bb28c8eff70e.jpg;;text;/upload/iblock/7e2/7e24720fb480f8d15ebf28094d277103.jpg;;text;rozarii_iz_belogo_i_zheltogo_zolota;500;;000114;да;да;;Розарии;Белое золото;3.2000;585;;;;;;;;;;1.0000;4.0000;Ювелирные изделия;Для мужчин;Розарии
